R_fighter,B_fighter,B_total_time_fought(seconds),B_total_rounds_fought,B_total_title_bouts,B_current_win_streak,B_current_lose_streak,B_longest_win_streak,B_wins,B_losses,B_Height_cms,B_Reach_cms,B_Weight_lbs,R_total_time_fought(seconds),R_total_rounds_fought,R_total_title_bouts,R_current_win_streak,R_current_lose_streak,R_longest_win_streak,R_wins,R_losses,R_Height_cms,R_Reach_cms,R_Weight_lbs,B_age,R_age,R_Stance,B_Stance,BR_Stance,Win
Song Kenan,Max Griffin,809.53125,28,0,0,1,1,4,6,180.34,193.04,170,445,10,0,2,0,2,4,1,182.88,180.34,170,35,31,0,0,0,0
Leon Edwards,Belal Muhammad,876.0532227,34,0,0,1,4,9,3,180.34,182.88,170,1273.572266,38,0,0,1,8,10,2,187.96,187.96,170,32,29,1,0,-1,1
Matthew Semelsberger,Jason Witt,238.5,3,0,0,1,1,1,1,177.8,177.8,170,900,3,0,1,0,1,1,0,185.42,190.5,170,34,28,2,0,-2,2
Sean Brady,Jake Matthews,861.5285645,34,0,2,0,3,10,4,180.34,185.42,170,653.5,8,0,3,0,3,3,0,177.8,182.88,170,26,28,0,0,0,2
Belal Muhammad,Dhiego Lima,760.2851563,18,2,0,1,3,4,5,187.96,190.5,170,852.1064453,31,0,0,1,4,8,3,180.34,182.88,170,32,32,0,0,0,2
Kamaru Usman,Gilbert Burns,993.7979126,36,0,3,0,6,12,3,177.8,180.34,170,1462.776855,43,4,12,0,12,12,0,182.88,193.04,170,34,33,2,0,-2,2
Warlley Alves,Mounir Lazzez,900,3,0,1,0,1,1,0,185.42,193.04,170,549.8701172,27,1,4,0,4,7,4,180.34,182.88,170,33,30,0,0,0,2
Michael Chiesa,Neil Magny,883.513015,61,0,1,0,7,17,6,190.5,203.2,170,765.4797363,30,1,2,0,3,10,4,185.42,190.5,170,33,33,1,0,-1,2
Carlos Condit,Matt Brown,401.9071006,58,0,1,0,7,15,11,182.88,190.5,170,694.5741882,48,3,0,1,5,8,9,187.96,190.5,170,40,36,0,0,0,2
David Zawada,Ramazan Emeev,900,15,0,3,0,3,4,1,177.8,193.04,170,521.75,7,0,0,2,1,1,2,182.88,190.5,170,33,30,0,1,1,0
Santiago Ponzinibbio,Li Jingliang,876.6069336,32,0,1,0,4,9,4,182.88,180.34,170,858.296875,25,0,0,1,7,9,2,182.88,185.42,170,32,34,0,0,0,0
Stephen Thompson,Geoff Neal,306.6875,9,0,5,0,5,5,0,180.34,190.5,170,927.1433716,43,2,1,0,7,10,5,182.88,190.5,170,30,37,0,1,1,2
Anthony Pettis,Alex Morono,632.2890625,26,0,2,0,3,7,4,180.34,182.88,170,737.9572067,48,4,0,1,5,10,9,177.8,182.88,155,30,33,0,0,0,2
Michel Pereira,Khaos Williams,28.5,2,0,2,0,2,2,0,182.88,195.58,170,762.625,10,0,1,0,1,2,2,185.42,185.42,170,26,27,0,0,0,2
Miguel Baeza,Takashi Sato,297.25,6,0,1,0,1,2,1,177.8,185.42,170,385,4,0,2,0,2,2,0,187.96,187.96,170,30,28,0,1,1,2
Mike Perry,Tim Means,645.701232,48,0,2,0,4,12,10,187.96,190.5,170,676.0151367,30,0,2,0,2,7,6,177.8,180.34,170,36,29,0,0,0,0
Daniel Rodriguez,Nicolas Dalby,534,16,0,1,0,1,2,4,180.34,187.96,170,426.25,6,0,3,0,3,3,0,185.42,187.96,170,36,33,1,0,-1,0
Alex Morono,Rhys McKee,189,1,0,0,1,0,0,1,187.96,198.12,170,364.578125,23,0,2,0,3,6,4,180.34,182.88,170,25,30,0,0,0,2
Abdul Razak Alhassan,Khaos Williams,27,1,0,1,0,1,1,0,182.88,195.58,170,535.21875,10,0,1,0,3,4,2,177.8,185.42,170,26,35,0,0,0,0
Cole Williams,Jason Witt,48,1,0,0,1,0,0,1,177.8,177.8,170,155,1,0,0,1,0,0,1,182.88,185.42,170,33,36,0,0,0,0
Claudio Silva,James Krause,825.9790039,29,0,1,0,6,8,4,187.96,185.42,170,413.125,11,0,5,0,5,5,0,180.34,180.34,170,34,38,1,0,-1,0
Carlos Condit,Court McGee,894.942688,45,1,3,0,3,8,8,180.34,190.5,170,489.1483765,45,3,0,1,5,7,9,187.96,190.5,170,35,36,0,0,0,2
Diego Sanchez,Jake Matthews,823.0571289,31,0,2,0,3,9,4,180.34,185.42,170,764.289835,81,2,6,0,6,19,12,177.8,182.88,170,26,38,1,0,-1,0
Colby Covington,Tyron Woodley,1364.869629,42,6,1,0,3,9,5,175.26,187.96,170,1395.839844,38,2,3,0,7,10,2,180.34,182.88,170,38,32,0,0,0,2
Donald Cerrone,Niko Price,524.6855469,18,0,1,0,2,6,5,182.88,193.04,170,594.3883662,75,1,4,0,8,23,12,185.42,185.42,155,30,37,0,0,0,1
Bryan Barberena,Anthony Ivy,59,1,0,0,1,0,0,1,187.96,187.96,185,717.8828125,25,0,1,0,2,5,5,182.88,182.88,170,30,31,1,0,-1,2
Michel Pereira,Zelim Imadaev,747,5,0,0,2,0,0,2,182.88,193.04,170,646.25,7,0,1,0,1,1,2,185.42,185.42,170,25,26,0,0,0,2
Robbie Lawler,Neil Magny,867.0260301,58,0,1,0,7,16,6,190.5,203.2,170,1091.73927,63,5,3,0,5,13,8,180.34,187.96,170,33,38,1,0,-1,0
Sean Brady,Christian Aguilera,59,1,0,1,0,1,1,0,175.26,182.88,170,900,6,0,2,0,2,2,0,177.8,182.88,170,28,27,0,2,2,2
Daniel Rodriguez,Dwight Grant,749.75,7,0,0,1,2,2,1,185.42,193.04,170,708.5,5,0,2,0,2,2,0,185.42,187.96,170,35,33,1,2,1,2
Tim Means,Laureano Staropoli,900,9,0,2,0,2,2,1,185.42,180.34,170,391.4024639,45,0,2,0,4,11,10,187.96,190.5,170,27,36,0,0,0,2
Vicente Luque,Randy Brown,531.1210938,23,0,1,0,2,6,3,190.5,198.12,170,798.3233643,28,0,0,1,6,11,3,180.34,190.5,170,30,28,0,0,0,2
Alex Oliveira,Peter Sobotta,715.46875,22,0,0,3,2,4,5,182.88,190.5,170,840.3583527,39,0,0,1,3,10,7,180.34,193.04,170,33,32,0,1,1,2
Nicolas Dalby,Jesse Ronson,900,9,0,0,3,0,0,3,177.8,177.8,170,900,15,0,1,0,1,2,3,180.34,187.96,170,34,35,0,1,1,1
Elizeu Zaleski dos Santos,Muslim Salikhov,648.25,8,0,0,1,3,3,1,180.34,177.8,170,750.6464844,25,0,0,1,7,8,2,180.34,185.42,170,36,33,0,0,0,0
Kamaru Usman,Jorge Masvidal,611.0924301,47,0,2,0,3,12,6,180.34,187.96,170,1425.553711,38,3,11,0,11,11,0,182.88,193.04,170,35,33,2,0,-2,2
Mike Perry,Mickey Gall,668.421875,13,0,3,0,3,5,2,187.96,187.96,170,452.0302734,27,0,2,0,2,6,6,177.8,180.34,170,28,28,0,2,2,2
Belal Muhammad,Lyman Good,501.0625,10,0,1,0,1,3,2,182.88,187.96,170,804.2128906,28,0,0,1,4,7,3,180.34,182.88,170,35,31,0,0,0,2
Neil Magny,Anthony Rocco Martin,878.1481934,38,0,0,2,4,9,5,182.88,185.42,170,834.0520601,55,0,1,0,7,15,6,190.5,203.2,170,30,32,0,0,0,2
Tyron Woodley,Gilbert Burns,487.5958252,31,0,3,0,5,11,3,177.8,180.34,170,1229.739258,37,6,1,0,3,9,4,175.26,187.96,170,33,38,0,0,0,0
Matt Brown,Miguel Baeza,452,2,0,1,0,1,1,0,187.96,187.96,170,485.8142012,56,0,1,0,7,15,10,182.88,190.5,170,27,39,0,0,0,0
Anthony Pettis,Donald Cerrone,288.7767324,72,1,4,0,8,23,11,185.42,185.42,155,575.9144135,45,4,0,1,5,9,9,177.8,182.88,155,37,33,0,0,0,2
Vicente Luque,Niko Price,232.3710938,15,0,1,0,2,6,4,182.88,193.04,170,779.6467285,25,0,0,1,6,10,3,180.34,190.5,170,30,28,0,0,0,2
Elizeu Zaleski dos Santos,Aleksei Kunchenko,900,9,0,2,0,2,2,1,172.72,177.8,170,601.2929688,22,0,0,1,7,7,2,180.34,185.42,170,35,33,0,0,0,2
Demian Maia,Gilbert Burns,821.1916504,30,0,3,0,4,10,3,177.8,180.34,170,817.9370818,85,2,5,0,7,22,9,185.42,182.88,170,33,42,1,0,-1,0
Neil Magny,Li Jingliang,853.2138672,29,0,1,0,4,9,3,182.88,180.34,170,768.1041203,52,0,1,0,7,14,6,190.5,203.2,170,31,32,0,0,0,2
Alex Oliveira,Max Griffin,892.125,22,0,0,1,1,3,5,180.34,193.04,170,780.7167053,36,0,0,1,3,9,7,180.34,193.04,170,34,32,0,0,0,2
Sean Brady,Ismail Naurdiev,900,9,0,1,0,1,2,1,177.8,187.96,170,900,3,0,1,0,1,1,0,177.8,182.88,170,23,27,0,0,0,2
Jake Matthews,Emil Meek,900,9,0,1,0,1,1,2,180.34,187.96,170,746.1142578,28,0,2,0,3,8,4,180.34,185.42,170,31,25,0,2,2,2
Callan Potter,Song Kenan,750,9,0,2,0,2,3,1,182.88,180.34,170,476.5,4,0,0,1,1,1,1,182.88,182.88,170,29,35,0,0,0,0
Diego Sanchez,Michel Pereira,503.5,4,0,1,0,1,1,1,185.42,185.42,170,739.57967,78,2,6,0,6,18,12,177.8,182.88,170,26,38,1,0,-1,2
Rafael Dos Anjos,Michael Chiesa,630.9594727,27,1,2,0,3,9,4,185.42,190.5,170,1377.817718,83,4,0,2,5,18,10,172.72,177.8,155,32,35,1,1,0,0
Conor McGregor,Donald Cerrone,537.5534648,71,1,4,0,8,23,10,185.42,185.42,155,899.3056641,24,4,7,0,7,9,2,175.26,187.96,155,36,31,1,0,-1,2
Geoff Neal,Mike Perry,814.0605469,26,0,2,0,2,6,5,177.8,180.34,170,523.375,8,0,4,0,4,4,0,180.34,190.5,170,28,29,1,0,-1,2
Kamaru Usman,Colby Covington,1341.679688,33,1,3,0,7,10,1,180.34,182.88,170,1401.107422,33,2,10,0,10,10,0,182.88,193.04,170,31,32,2,0,-2,2
Matt Brown,Ben Saunders,324.0712433,35,0,3,0,3,9,9,187.96,195.58,170,376.6284025,54,0,1,0,7,14,10,182.88,190.5,170,36,38,0,0,0,2
Thiago Alves,Tim Means,373.6098557,42,0,2,0,4,10,9,187.96,190.5,170,873.6552618,64,1,0,1,7,15,11,175.26,177.8,170,35,36,0,0,0,0
Sergio Moraes,James Krause,644.9160156,23,0,1,0,5,7,3,187.96,185.42,170,813.1865234,34,1,0,1,4,8,5,182.88,182.88,170,33,37,0,0,0,0
Warlley Alves,Randy Brown,680.2421875,21,0,1,0,2,5,3,190.5,198.12,170,717.7402344,25,1,4,0,4,7,3,180.34,182.88,170,29,28,0,0,0,0
Zelim Imadaev,Danny Roberts,384.8046875,18,0,2,0,2,5,4,185.42,187.96,170,900,3,0,0,1,0,0,1,182.88,193.04,170,32,24,0,1,1,0
Rustam Khabilov,Sergey Khandozhko,900,3,0,1,0,1,1,0,185.42,187.96,170,899.409668,33,0,3,0,6,9,3,172.72,185.42,155,27,33,0,0,0,2
Ramazan Emeev,Anthony Rocco Martin,856.2963867,35,0,0,2,4,8,5,182.88,185.42,170,900,9,0,3,0,3,3,0,177.8,193.04,170,29,32,1,0,-1,0
Stephen Thompson,Vicente Luque,659.293457,22,0,0,1,6,10,2,180.34,190.5,170,954.2867432,40,2,1,0,7,9,5,182.88,190.5,170,27,36,0,0,0,2
Jorge Masvidal,Nate Diaz,993.2878923,60,2,5,0,5,15,9,182.88,193.04,170,322.1848602,44,0,2,0,3,11,6,180.34,187.96,170,34,34,0,1,1,2
Lyman Good,Chance Rencountre,711.25,7,0,0,1,2,2,1,187.96,190.5,170,279.125,7,0,1,0,1,2,2,182.88,187.96,170,32,34,0,1,1,2
Muslim Salikhov,Laureano Staropoli,900,6,0,2,0,2,2,0,185.42,180.34,170,396.5,5,0,0,1,2,2,1,180.34,177.8,170,26,35,0,0,0,2
Demian Maia,Ben Askren,102.5,2,0,1,0,1,1,1,180.34,185.42,170,801.8741637,82,2,5,0,7,21,9,185.42,182.88,170,35,41,1,0,-1,2
Niko Price,James Vick,398.6157227,26,0,5,0,5,9,4,190.5,193.04,155,360.7421875,14,0,1,0,2,5,4,182.88,193.04,170,32,30,0,0,0,2
Max Griffin,Alex Morono,504.3125,19,0,2,0,2,5,3,180.34,182.88,170,884.25,19,0,0,1,1,3,4,180.34,193.04,170,29,33,0,0,0,0
Jake Matthews,Rostem Akman,900,3,0,0,1,0,0,1,177.8,182.88,170,592.2285156,25,0,2,0,3,7,4,180.34,185.42,170,27,25,0,2,2,2
Luke Jumeau,Dhiego Lima,620.5703125,15,2,0,1,2,3,5,187.96,190.5,170,900,9,0,1,0,1,2,1,180.34,182.88,170,30,31,0,0,0,0
Nicolas Dalby,Alex Oliveira,661.4334106,33,0,0,1,3,9,6,180.34,193.04,170,900,12,0,1,0,1,1,3,180.34,187.96,170,31,34,0,0,0,2
Gunnar Nelson,Gilbert Burns,742.3833008,27,0,3,0,3,9,3,177.8,180.34,170,659.8369141,26,0,4,0,4,8,4,180.34,182.88,170,33,31,2,0,-2,0
Siyar Bahadurzada,Ismail Naurdiev,900,6,0,1,0,1,1,1,177.8,187.96,170,722.28125,17,0,1,0,3,4,3,180.34,185.42,170,23,35,0,0,0,0
Belal Muhammad,Takashi Sato,378,2,0,1,0,1,1,0,177.8,185.42,170,893.4257813,25,0,0,1,4,6,3,180.34,182.88,170,29,31,0,1,1,2
Nordine Taleb,Muslim Salikhov,527,4,0,0,1,1,1,1,180.34,177.8,170,660.9960938,26,0,3,0,3,7,4,185.42,187.96,170,35,38,0,0,0,0
Li Jingliang,Elizeu Zaleski dos Santos,311.5859375,19,0,0,1,7,7,1,180.34,185.42,170,815.4277344,26,0,1,0,4,8,3,182.88,180.34,170,32,31,0,0,0,2
Song Kenan,Derrick Krantz,232,1,0,0,1,0,0,1,177.8,182.88,170,600,6,0,2,0,2,2,1,182.88,180.34,170,31,29,0,0,0,2
Anthony Pettis,Nate Diaz,1086.575785,57,2,5,0,5,14,9,182.88,193.04,170,591.6576538,40,4,0,1,5,9,7,177.8,182.88,155,34,32,0,1,1,0
Vicente Luque,Mike Perry,728.1210938,23,0,2,0,2,6,4,177.8,180.34,170,418.5869141,19,0,0,1,5,9,2,180.34,190.5,170,27,27,0,0,0,2
Gilbert Burns,Aleksei Kunchenko,900,6,0,2,0,2,2,0,172.72,177.8,170,584.7666016,24,0,3,0,3,8,3,177.8,180.34,170,35,33,0,0,0,2
Colby Covington,Robbie Lawler,683.4785404,58,5,3,0,5,13,7,180.34,187.96,170,1183.359375,28,1,3,0,6,9,1,180.34,182.88,170,37,31,0,1,1,2
Mickey Gall,Salim Touahri,900,6,0,0,2,0,0,2,177.8,182.88,170,436.84375,10,0,3,0,3,4,2,187.96,187.96,170,29,27,2,0,-2,2
Geoff Neal,Niko Price,262.484375,12,0,1,0,2,5,3,182.88,193.04,170,587.75,6,0,3,0,3,3,0,180.34,190.5,170,29,28,1,0,-1,2
Erik Koch,Kyle Stewart,145,1,0,0,1,0,0,1,182.88,193.04,170,772.140625,19,0,2,0,2,4,5,177.8,180.34,170,30,30,1,0,-1,2
Rafael Dos Anjos,Leon Edwards,1047.144531,33,0,0,1,7,9,2,187.96,187.96,170,1255.635436,78,4,0,2,5,18,9,172.72,177.8,155,27,34,1,1,0,0
Jorge Masvidal,Ben Askren,200,1,0,1,0,1,1,0,180.34,185.42,170,639.3697205,43,0,2,0,3,10,6,180.34,187.96,170,34,34,0,0,0,2
Diego Sanchez,Michael Chiesa,361.9189453,24,1,2,0,3,8,4,185.42,190.5,170,579.15934,75,2,6,0,6,18,11,177.8,182.88,170,31,37,1,1,0,0
Ismail Naurdiev,Chance Rencountre,522.5,4,0,0,1,1,1,1,187.96,190.5,170,900,3,0,1,0,1,1,0,177.8,187.96,170,32,22,0,1,1,0
Demian Maia,Anthony Rocco Martin,812.5927734,32,0,0,2,4,8,4,182.88,185.42,170,703.7483274,79,2,5,0,7,20,9,185.42,182.88,170,29,41,1,0,-1,2
Bryan Barberena,Randy Brown,586.484375,18,0,1,0,2,4,3,190.5,198.12,170,661.765625,22,0,1,0,2,5,4,182.88,182.88,170,28,30,1,0,-1,0
Rafael Dos Anjos,Kevin Lee,1238.25,36,1,0,1,5,10,4,175.26,195.58,170,1384.270872,74,4,0,2,5,17,9,172.72,177.8,155,26,34,1,0,-1,2
Thiago Alves,Laureano Staropoli,900,3,0,1,0,1,1,0,185.42,180.34,170,847.3105235,61,1,0,1,7,15,10,175.26,177.8,170,26,35,0,0,0,0
Warlley Alves,Sergio Moraes,773.3730469,31,1,0,1,4,8,4,182.88,182.88,170,582.4804688,22,1,4,0,4,6,3,180.34,182.88,170,36,28,0,0,0,2
Alex Oliveira,Mike Perry,556.2421875,20,0,2,0,2,5,4,177.8,180.34,170,422.8668213,30,0,0,1,3,9,5,180.34,193.04,170,27,31,0,0,0,0
Court McGee,Dhiego Lima,341.140625,12,2,0,1,1,2,5,187.96,190.5,170,879.770752,39,1,3,0,3,8,6,180.34,190.5,170,30,34,0,0,0,0
Sultan Aliev,Keita Nakamura,889.3203125,29,0,0,3,1,4,6,180.34,185.42,170,565.5,6,0,0,1,1,1,2,180.34,187.96,170,34,34,0,1,1,2
Alan Jouban,Dwight Grant,599.5,4,0,0,1,1,1,1,185.42,193.04,170,391.0244141,21,0,1,0,3,7,4,182.88,185.42,170,34,37,1,2,1,0
Curtis Millender,Belal Muhammad,886.8515625,22,0,0,1,4,5,3,180.34,182.88,170,484.625,9,0,3,0,3,3,1,187.96,193.04,170,30,31,0,0,0,0
Stephen Thompson,Anthony Pettis,588.3153076,38,4,0,1,5,8,7,177.8,182.88,155,1313.573486,38,2,1,0,7,9,4,182.88,190.5,170,32,36,0,0,0,0
Danny Roberts,Claudio Silva,585.5,7,0,3,0,3,3,0,180.34,180.34,170,568.21875,14,0,2,0,2,5,2,185.42,187.96,170,36,31,1,1,0,0
Darren Till,Jorge Masvidal,793.7394409,41,0,2,0,3,9,6,180.34,187.96,170,791.640625,19,1,1,0,4,5,2,182.88,187.96,185,34,26,1,0,-1,0
Leon Edwards,Gunnar Nelson,419.6738281,23,0,4,0,4,8,3,180.34,182.88,170,1194.289063,30,0,0,1,6,8,2,187.96,187.96,170,30,27,1,2,1,2
Elizeu Zaleski dos Santos,Curtis Millender,814.25,8,0,3,0,3,3,0,187.96,193.04,170,468.171875,18,0,0,1,6,6,1,180.34,185.42,170,31,32,0,0,0,2
Anthony Rocco Martin,Sergio Moraes,646.7460938,28,1,0,1,4,8,3,182.88,182.88,170,725.1855469,29,0,0,2,3,7,4,182.88,185.42,170,36,29,0,0,0,2
Tim Means,Niko Price,234.96875,11,0,1,0,2,4,3,182.88,193.04,170,457.2197113,41,0,2,0,4,10,8,187.96,190.5,170,29,35,0,0,0,0
Alex Morono,Zak Ottow,659.8125,16,0,1,0,1,4,3,180.34,182.88,170,794.625,18,0,2,0,2,4,3,180.34,182.88,170,32,28,0,0,0,2
Tyron Woodley,Kamaru Usman,1302.214844,28,1,9,0,9,9,0,182.88,193.04,170,959.4785156,32,5,1,0,3,9,3,175.26,187.96,170,31,36,0,2,2,0
Diego Sanchez,Mickey Gall,320.6875,8,0,3,0,3,4,1,187.96,187.96,170,605.3186799,73,2,6,0,6,17,11,177.8,182.88,170,27,37,1,2,1,2
Dwight Grant,Carlo Pedersoli Jr.,469.5,4,0,1,0,1,1,1,180.34,190.5,170,900,3,0,0,1,0,0,1,185.42,193.04,170,25,34,2,1,-1,2
Vicente Luque,Bryan Barberena,429.53125,19,0,1,0,2,5,3,182.88,182.88,170,316.3476563,15,0,0,1,4,7,2,180.34,190.5,170,29,27,0,1,1,2
Demian Maia,Lyman Good,400.25,6,0,1,0,1,2,1,182.88,187.96,170,1249.496655,78,2,5,0,7,19,9,185.42,182.88,170,33,41,1,0,-1,2
Thiago Alves,Max Griffin,837,13,0,0,1,1,2,3,180.34,193.04,170,794.621047,58,1,0,1,7,14,10,175.26,177.8,170,33,35,0,0,0,2
Belal Muhammad,Geoff Neal,275.5,3,0,2,0,2,2,0,180.34,190.5,170,873.703125,19,0,0,1,4,5,2,180.34,182.88,170,28,30,0,1,1,0
Carlos Condit,Michael Chiesa,367.8378906,22,1,2,0,3,7,4,185.42,190.5,170,622.2967529,43,3,0,1,5,7,8,187.96,190.5,170,31,34,0,1,1,0
Curtis Millender,Siyar Bahadurzada,544.5625,14,0,1,0,3,4,2,180.34,185.42,170,728.5,5,0,2,0,2,2,0,187.96,193.04,170,34,31,0,0,0,2
Alex Oliveira,Gunnar Nelson,282.3476563,21,0,4,0,4,7,3,180.34,182.88,170,288.7336426,28,0,0,1,3,9,4,180.34,193.04,170,30,30,0,2,2,0
Chad Laprise,Dhiego Lima,585.28125,11,2,0,1,1,1,5,187.96,190.5,170,327.109375,19,1,3,0,3,6,3,177.8,180.34,170,29,32,0,0,0,0
Yushin Okami,Aleksei Kunchenko,900,3,0,1,0,1,1,0,172.72,177.8,170,600.3717155,52,1,4,0,4,14,6,187.96,190.5,170,34,37,1,0,-1,0
Jake Matthews,Anthony Rocco Martin,771.3710938,26,0,0,2,3,6,4,182.88,185.42,170,505.4570313,22,0,2,0,3,7,3,180.34,185.42,170,28,24,0,0,0,0
Keita Nakamura,Salim Touahri,900,3,0,0,1,0,0,1,177.8,182.88,170,878.640625,26,0,0,3,1,3,6,180.34,185.42,170,29,34,1,0,-1,2
Rafael Dos Anjos,Kamaru Usman,1104.429688,23,1,8,0,8,8,0,182.88,193.04,170,1268.541744,69,4,0,2,5,17,8,172.72,177.8,155,31,34,1,2,1,0
Tim Means,Ricky Rainey,552,2,0,0,1,0,0,1,185.42,195.58,170,836.4394226,40,0,2,0,4,9,8,187.96,190.5,170,35,34,0,2,2,2
Song Kenan,Alex Morono,689.25,15,0,2,0,2,3,3,180.34,182.88,170,300,3,0,2,0,2,2,0,182.88,180.34,170,28,28,0,0,0,0
Li Jingliang,David Zawada,900,3,0,0,1,0,0,1,182.88,190.5,170,783.8554688,23,0,1,0,4,7,3,182.88,180.34,170,28,30,0,0,0,2
Michel Prazeres,Bartosz Fabinski,900,9,0,3,0,3,3,0,182.88,190.5,170,823.375,31,0,0,1,7,9,2,167.64,170.18,170,32,37,0,0,0,2
Neil Magny,Santiago Ponzinibbio,660.59375,21,0,0,1,6,8,2,182.88,185.42,170,480.2082405,48,0,1,0,7,14,5,190.5,203.2,170,32,31,0,0,0,0
Donald Cerrone,Mike Perry,826.484375,19,0,2,0,2,5,3,177.8,180.34,170,941.7108723,60,1,4,0,8,20,8,185.42,185.42,155,27,35,0,0,0,2
Lyman Good,Ben Saunders,448.2849731,32,0,3,0,3,9,7,187.96,195.58,170,708.5,5,0,1,0,1,1,1,182.88,187.96,170,35,33,0,0,0,2
Nordine Taleb,Sean Strickland,556.4570313,23,0,2,0,3,6,3,185.42,193.04,185,353.984375,21,0,3,0,3,6,3,185.42,187.96,170,27,37,0,0,0,0
Alex Garcia,Court McGee,859.5415039,36,1,3,0,3,7,6,180.34,190.5,170,753.1835938,22,0,2,0,2,5,4,175.26,182.88,170,33,31,0,0,0,0
Ryan LaFlare,Anthony Rocco Martin,882.7421875,23,0,0,2,3,5,4,182.88,185.42,170,796.25,28,0,4,0,4,7,2,185.42,187.96,170,28,35,1,0,-1,0
Alex Oliveira,Carlo Pedersoli Jr.,900,3,0,1,0,1,1,0,180.34,190.5,170,538.4672852,27,0,0,1,3,8,4,180.34,193.04,170,25,30,0,1,1,2
Sergio Moraes,Ben Saunders,314.5699463,30,0,3,0,3,9,6,187.96,195.58,170,711.4921875,26,1,0,1,4,7,3,182.88,182.88,170,35,36,0,0,0,2
Abdul Razak Alhassan,Niko Price,426.9375,10,0,1,0,2,4,2,182.88,193.04,170,297.875,6,0,1,0,2,3,1,177.8,185.42,170,28,33,0,0,0,2
Geoff Neal,Frank Camacho,900,9,0,0,1,1,1,2,177.8,185.42,170,168,1,0,1,0,1,1,0,180.34,190.5,170,29,28,1,0,-1,2
Tyron Woodley,Darren Till,1024.28125,17,0,1,0,4,5,1,182.88,187.96,185,1359.957031,30,4,1,0,3,8,3,175.26,187.96,170,25,36,0,1,1,2
Diego Sanchez,Craig White,272,1,0,0,1,0,0,1,187.96,193.04,170,310.6373599,70,2,6,0,6,16,11,177.8,182.88,170,28,36,1,0,-1,2
James Krause,Warlley Alves,716.9609375,20,1,4,0,4,6,2,180.34,182.88,170,841.8320313,21,0,1,0,4,6,3,187.96,185.42,170,27,32,0,0,0,2
Jake Ellenberger,Bryan Barberena,713.0625,18,0,1,0,2,4,3,182.88,182.88,170,227.1618652,40,0,0,1,6,10,10,175.26,180.34,170,29,33,0,1,1,0
Mickey Gall,George Sullivan,546.28125,14,0,2,0,2,3,3,182.88,185.42,170,572.375,7,0,3,0,3,3,1,187.96,187.96,170,37,26,2,0,-2,2
Jordan Mein,Alex Morono,478.5,12,0,2,0,2,3,2,180.34,182.88,170,830.015625,18,0,1,0,2,4,4,182.88,185.42,170,27,28,0,0,0,2
Emil Meek,Bartosz Fabinski,900,6,0,2,0,2,2,0,182.88,190.5,170,900,6,0,1,0,1,1,1,180.34,187.96,170,32,29,2,0,-2,0
Randy Brown,Niko Price,484.875,8,0,1,0,1,3,2,182.88,193.04,170,803.96875,16,0,1,0,2,4,2,190.5,198.12,170,28,28,0,0,0,0
Sage Northcutt,Zak Ottow,346.25,11,0,1,0,1,3,2,180.34,182.88,170,802.65625,16,0,2,0,2,5,2,182.88,180.34,170,31,22,0,0,0,2
Paul Felder,Mike Perry,752.96875,16,0,2,0,2,4,3,177.8,180.34,170,468.6425781,24,0,2,0,3,7,3,180.34,177.8,155,26,34,0,0,0,0
Curtis Millender,Max Griffin,774,10,0,0,1,1,2,2,180.34,193.04,170,557,2,0,1,0,1,1,0,187.96,193.04,170,32,30,0,0,0,2
Li Jingliang,Daichi Abe,900,6,0,1,0,1,1,1,180.34,180.34,170,667.7109375,20,0,1,0,4,6,3,182.88,180.34,170,26,30,0,0,0,2
Donald Cerrone,Leon Edwards,888.578125,25,0,0,1,5,7,2,187.96,187.96,170,383.4217447,55,1,4,0,8,20,7,185.42,185.42,155,26,35,0,1,1,0
Shinsho Anzai,Jake Matthews,846.9140625,21,0,2,0,2,6,3,180.34,185.42,170,676,7,0,0,1,2,2,1,170.18,177.8,170,23,32,0,0,0,0
Rafael Dos Anjos,Colby Covington,866.71875,23,0,3,0,5,8,1,180.34,182.88,170,1037.083488,64,3,0,2,5,17,7,172.72,177.8,155,30,33,1,0,-1,0
CM Punk,Mike Jackson,45,1,0,0,1,0,0,1,187.96,,170,134,1,0,0,1,0,0,1,185.42,185.42,170,33,39,0,0,0,1
Jake Ellenberger,Ben Saunders,513.1398926,29,0,3,0,3,8,6,187.96,195.58,170,338.3237305,39,0,0,1,6,10,9,175.26,180.34,170,35,33,0,0,0,0
Stephen Thompson,Darren Till,548.5625,12,0,1,0,3,4,1,182.88,187.96,185,1127.146973,33,2,1,0,7,9,3,182.88,190.5,170,25,35,0,1,1,0
Claudio Silva,Nordine Taleb,436.96875,20,0,3,0,3,6,2,185.42,187.96,170,900,6,0,2,0,2,2,0,180.34,180.34,170,36,35,1,0,-1,2
Zak Cummings,Michel Prazeres,746.75,28,0,0,1,6,8,2,167.64,170.18,170,454.3359375,16,0,2,0,2,6,2,182.88,190.5,185,36,33,1,0,-1,0
Demian Maia,Kamaru Usman,708.859375,18,1,7,0,7,7,0,182.88,193.04,170,998.9933095,73,2,5,0,7,19,8,185.42,182.88,170,31,40,1,2,1,0
Vicente Luque,Chad Laprise,398.21875,18,1,3,0,3,6,2,177.8,180.34,170,545.390625,13,0,0,1,4,5,2,180.34,190.5,170,31,26,0,0,0,2
Elizeu Zaleski dos Santos,Sean Strickland,892.9140625,22,0,2,0,3,6,2,185.42,193.04,185,892.6875,15,0,0,1,4,4,1,180.34,185.42,170,27,31,0,0,0,2
Alberto Mina,Ramazan Emeev,900,3,0,1,0,1,1,0,177.8,193.04,170,477.75,6,0,3,0,3,3,0,182.88,195.58,170,30,36,0,1,1,0
Warlley Alves,Sultan Aliev,531,4,0,0,1,1,1,1,180.34,187.96,170,833.921875,18,1,4,0,4,5,2,180.34,182.88,170,33,27,0,0,0,2
Ryan LaFlare,Alex Garcia,606.3671875,19,0,2,0,2,5,3,175.26,182.88,170,692.5,25,0,4,0,4,6,2,185.42,187.96,170,30,34,1,0,-1,2
Siyar Bahadurzada,Luan Chagas,728.25,8,0,0,2,1,1,2,182.88,190.5,170,629.125,12,0,1,0,2,3,2,180.34,185.42,170,24,34,0,0,0,2
Anthony Rocco Martin,Keita Nakamura,857.28125,23,0,0,3,1,3,5,180.34,185.42,170,865.484375,20,0,0,2,3,4,4,182.88,185.42,170,33,28,0,1,1,2
Carlos Condit,Alex Oliveira,579.9345703,25,0,0,1,3,7,4,180.34,193.04,170,747.5935059,41,3,0,1,5,7,7,187.96,190.5,170,30,33,0,0,0,0
Dhiego Lima,Yushin Okami,300.7434311,49,1,4,0,4,13,6,187.96,190.5,170,270.5625,8,2,0,1,1,1,4,187.96,190.5,170,36,29,0,1,1,0
Danny Roberts,Oliver Enkamp,900,3,0,0,1,0,0,1,182.88,195.58,170,340.875,10,0,2,0,2,3,2,185.42,187.96,170,26,30,1,2,1,2
Leon Edwards,Peter Sobotta,531.9375,19,0,0,3,2,4,4,182.88,190.5,170,878.15625,22,0,0,1,4,6,2,187.96,187.96,170,31,26,1,1,0,2
Mike Pyle,Zak Ottow,538.5,10,0,1,0,1,2,2,180.34,182.88,170,385.6036148,36,0,0,1,4,10,8,182.88,187.96,170,31,42,0,0,0,0
Mike Perry,Max Griffin,648,7,0,0,1,1,1,2,180.34,193.04,170,605.9375,13,0,2,0,2,4,2,177.8,180.34,170,32,26,0,0,0,0
Ben Saunders,Alan Jouban,324.0488281,19,0,1,0,3,6,4,182.88,185.42,170,568.2797852,27,0,3,0,3,8,5,187.96,195.58,170,36,34,0,1,1,0
Donald Cerrone,Yancy Medeiros,601.1982422,20,0,0,3,3,6,5,177.8,190.5,155,468.8434893,54,1,4,0,8,19,7,185.42,185.42,155,30,34,0,0,0,2
Joshua Burkman,Alex Morono,825,11,0,2,0,2,2,2,180.34,182.88,170,337.5272369,44,0,2,0,2,6,12,177.8,182.88,170,27,37,0,0,0,0
Jake Matthews,Li Jingliang,435.421875,17,0,1,0,4,6,2,182.88,180.34,170,793.828125,18,0,2,0,2,5,3,180.34,185.42,170,29,23,0,0,0,2
Luke Jumeau,Daichi Abe,900,3,0,1,0,1,1,0,180.34,180.34,170,900,6,0,1,0,1,1,1,180.34,182.88,170,26,29,0,0,0,2
Sergio Moraes,Tim Means,772.8788452,37,0,2,0,4,9,7,187.96,190.5,170,522.984375,23,1,0,1,4,6,3,182.88,182.88,170,33,35,0,0,0,2
Drew Dober,Frank Camacho,900,6,0,0,1,1,1,1,177.8,185.42,170,297.484375,17,0,0,2,2,4,5,172.72,177.8,155,28,29,1,0,-1,2
Niko Price,George Sullivan,531.5625,12,0,2,0,2,3,2,182.88,185.42,170,408.75,6,0,1,0,1,2,2,182.88,193.04,170,36,28,0,0,0,2
Sabah Homasi,Abdul Razak Alhassan,368.75,5,0,1,0,1,2,1,177.8,185.42,170,368.5,3,0,0,2,0,0,2,182.88,182.88,170,32,29,0,0,0,0
Kamaru Usman,Emil Meek,900,3,0,1,0,1,1,0,180.34,187.96,170,517.71875,15,1,6,0,6,6,0,182.88,193.04,170,29,30,2,2,0,2
Carlos Condit,Neil Magny,476.832962,44,0,1,0,7,12,5,190.5,203.2,170,595.1870117,38,3,0,1,5,7,6,187.96,190.5,170,30,33,0,0,0,0
Chad Laprise,Galore Bofando,130,1,0,1,0,1,1,0,180.34,182.88,170,546.4375,17,1,3,0,3,5,2,177.8,180.34,170,35,31,0,2,2,2
Robbie Lawler,Rafael Dos Anjos,574.1669757,59,3,0,2,5,16,7,172.72,177.8,155,833.9141617,52,5,3,0,5,13,5,180.34,187.96,170,33,35,1,1,0,0
Nordine Taleb,Danny Roberts,622.75,9,0,2,0,2,3,1,185.42,187.96,170,814.9375,19,0,3,0,3,5,2,185.42,187.96,170,30,36,0,1,1,2
Santiago Ponzinibbio,Mike Perry,311.875,10,0,2,0,2,4,1,177.8,180.34,170,421.1875,18,0,0,1,5,7,2,182.88,185.42,170,26,31,0,0,0,2
Jordan Mein,Erick Silva,542.0155029,25,0,1,0,2,7,7,182.88,187.96,170,760.03125,15,0,1,0,2,3,4,182.88,185.42,170,33,28,0,0,0,2
Alex Oliveira,Yancy Medeiros,480.3964844,17,0,0,3,2,5,5,177.8,190.5,155,437.8691406,22,0,0,1,3,7,3,180.34,193.04,170,30,29,0,0,0,0
Sabah Homasi,Abdul Razak Alhassan,476.5,4,0,1,0,1,1,1,177.8,185.42,170,476,2,0,0,1,0,0,1,182.88,182.88,170,32,29,0,0,0,0
Li Jingliang,Zak Ottow,900,9,0,1,0,1,2,1,180.34,182.88,170,693.84375,16,0,1,0,3,5,2,182.88,180.34,170,30,29,0,0,0,2
Jake Matthews,Bojan Velickovic,894.25,15,0,1,0,1,2,3,182.88,193.04,170,687.65625,15,0,2,0,2,4,3,180.34,185.42,170,28,23,0,1,1,2
Tim Means,Belal Muhammad,794.8125,13,0,0,1,2,3,2,180.34,182.88,170,645.7576904,34,0,2,0,4,9,6,187.96,190.5,170,29,33,0,0,0,0
Matt Brown,Diego Sanchez,397.2747197,69,2,6,0,6,16,10,177.8,182.88,170,529.2568049,53,0,1,0,7,13,10,182.88,190.5,170,35,36,0,1,1,2
Court McGee,Sean Strickland,885.828125,19,0,2,0,3,5,2,185.42,193.04,185,819.0830078,33,1,3,0,3,7,5,180.34,190.5,170,26,32,0,0,0,0
Stephen Thompson,Jorge Masvidal,687.4788818,38,0,2,0,3,9,5,180.34,187.96,170,1354.293945,30,2,1,0,7,8,3,182.88,190.5,170,32,34,0,0,0,2
Randy Brown,Mickey Gall,244.75,4,0,3,0,3,3,0,187.96,187.96,170,707.9375,13,0,1,0,2,3,2,190.5,198.12,170,25,27,0,2,2,2
Vicente Luque,Niko Price,269.5,4,0,1,0,1,2,1,182.88,193.04,170,542.78125,11,0,0,1,4,4,2,180.34,190.5,170,28,25,0,0,0,2
Demian Maia,Colby Covington,833.4375,20,0,3,0,4,7,1,180.34,182.88,170,1097.986619,70,2,5,0,7,19,7,185.42,182.88,170,29,39,1,0,-1,0
Elizeu Zaleski dos Santos,Max Griffin,396,4,0,0,1,1,1,1,180.34,193.04,170,885.375,12,0,0,1,3,3,1,180.34,185.42,170,31,30,0,0,0,2
Donald Cerrone,Darren Till,837.125,11,0,1,0,2,3,1,182.88,187.96,185,677.6869787,53,1,4,0,8,19,6,185.42,185.42,155,24,34,0,1,1,0
Keita Nakamura,Alex Morono,750,8,0,2,0,2,2,1,180.34,182.88,170,814.5625,20,0,0,3,1,2,5,180.34,185.42,170,27,33,1,0,-1,2
Shinsho Anzai,Luke Jumeau,900,3,0,1,0,1,1,0,180.34,182.88,170,452,4,0,0,1,1,1,1,170.18,177.8,170,29,31,0,0,0,2
Kamaru Usman,Sergio Moraes,877.96875,22,1,0,1,4,6,2,182.88,182.88,170,867.4375,14,1,5,0,5,5,0,182.88,193.04,170,35,30,2,0,-2,2
Neil Magny,Rafael Dos Anjos,925.3339515,58,3,0,2,5,15,7,172.72,177.8,155,730.6659241,43,0,1,0,7,12,4,190.5,203.2,170,32,30,0,1,1,0
Darren Till,Bojan Velickovic,888.5,12,0,1,0,1,2,2,182.88,193.04,170,774.25,8,0,1,0,1,2,1,182.88,187.96,185,28,24,1,1,0,2
Leon Edwards,Bryan Barberena,526.125,15,0,1,0,2,4,2,182.88,182.88,170,856.3125,19,0,0,1,3,5,2,187.96,187.96,170,28,26,1,1,0,2
Alan Jouban,Niko Price,435,3,0,1,0,1,1,1,182.88,193.04,170,544.0976563,18,0,1,0,3,6,3,182.88,185.42,170,27,35,1,0,-1,0
Tyron Woodley,Demian Maia,695.9732382,65,1,5,0,7,19,6,185.42,182.88,170,1219.914063,25,3,1,0,3,7,3,175.26,187.96,170,39,35,0,1,1,2
Robbie Lawler,Donald Cerrone,455.3739574,50,1,4,0,8,19,5,185.42,185.42,155,767.8283234,49,5,3,0,5,12,5,180.34,187.96,170,34,35,1,0,-1,2
Lyman Good,Elizeu Zaleski dos Santos,870.75,9,0,0,1,2,2,1,180.34,185.42,170,517,2,0,1,0,1,1,0,182.88,187.96,170,30,32,0,0,0,0
Ryan LaFlare,Alex Oliveira,465.7382813,20,0,0,1,3,6,3,180.34,193.04,170,975,23,0,4,0,4,6,1,185.42,187.96,170,29,33,1,0,-1,0
Danny Roberts,Bobby Nash,585,2,0,0,1,0,0,1,182.88,187.96,170,706.5,7,0,2,0,2,2,1,185.42,187.96,170,27,30,1,0,-1,2
Gunnar Nelson,Santiago Ponzinibbio,760.375,17,0,0,1,4,6,2,182.88,185.42,170,482.6953125,20,0,4,0,4,7,2,180.34,182.88,170,30,28,2,0,-2,0
Chad Laprise,Brian Camozzi,385,2,0,0,1,0,0,1,187.96,198.12,170,405.875,14,1,3,0,3,4,2,177.8,180.34,170,26,30,0,0,0,2
Jordan Mein,Belal Muhammad,689.625,10,0,0,1,1,2,2,180.34,182.88,170,620.0625,12,0,1,0,2,3,3,182.88,185.42,170,28,27,0,0,0,0
Dhiego Lima,Jesse Taylor,238,1,0,0,1,0,0,1,182.88,185.42,170,198.125,6,1,0,1,1,1,3,187.96,190.5,170,34,28,0,0,0,0
Tim Means,Alex Garcia,521.46875,14,0,2,0,2,4,2,175.26,182.88,170,391.5153809,31,0,2,0,4,8,6,187.96,190.5,170,29,33,0,0,0,2
Dong Hyun Kim,Colby Covington,766.875,17,0,3,0,3,6,1,180.34,182.88,170,633.4303741,42,0,2,0,4,13,4,187.96,193.04,170,29,35,1,0,-1,0
Tarec Saffiedine,Rafael Dos Anjos,950.6679029,55,3,0,2,5,14,7,172.72,177.8,155,924.25,17,0,1,0,1,2,3,177.8,177.8,170,32,30,2,1,-1,0
Kiichi Kunimoto,Zak Ottow,900,6,0,1,0,1,1,1,180.34,182.88,170,609.625,8,0,3,0,3,3,1,177.8,180.34,170,30,36,0,0,0,0
Erick Silva,Yancy Medeiros,539.7929688,15,0,0,3,2,4,5,177.8,190.5,155,663.0310059,23,0,1,0,2,7,6,182.88,187.96,170,29,32,0,0,0,0
Luan Chagas,Jim Wallhead,900,3,0,0,1,0,0,1,177.8,,170,868.5,6,0,0,2,0,0,2,182.88,190.5,170,33,23,0,0,0,2
Abdul Razak Alhassan,Omari Akhmedov,792.484375,15,0,1,0,2,4,3,182.88,185.42,185,53,1,0,1,0,1,1,0,177.8,185.42,170,29,31,0,0,0,0
Nicholas Musoke,Bojan Velickovic,900,9,0,1,0,1,1,2,182.88,193.04,170,855.4375,13,0,2,0,2,3,2,182.88,190.5,170,28,31,0,1,1,0
Darren Till,Jessin Ayari,900,3,0,1,0,1,1,0,182.88,185.42,155,648.5,5,0,1,0,1,1,1,182.88,187.96,185,24,24,1,0,-1,2
Peter Sobotta,Ben Saunders,687.5595703,25,0,3,0,3,8,4,187.96,195.58,170,614.875,17,0,0,3,2,3,4,182.88,190.5,170,34,30,1,0,-1,2
Demian Maia,Jorge Masvidal,474.9577637,35,0,2,0,3,9,4,180.34,187.96,170,491.9464763,62,1,5,0,6,18,6,185.42,182.88,170,32,39,1,0,-1,2
Jake Ellenberger,Mike Perry,724.5,7,0,2,0,2,2,1,177.8,180.34,170,311.6474609,37,0,0,1,6,10,8,175.26,180.34,170,25,32,0,0,0,0
Bryan Barberena,Joe Proctor,391.859375,14,0,1,0,2,4,3,177.8,182.88,155,842.25,14,0,1,0,2,3,2,182.88,182.88,170,31,27,1,0,-1,2
Zak Cummings,Nathan Coy,533,4,0,0,1,1,1,1,177.8,175.26,170,647.671875,15,0,2,0,2,5,2,182.88,190.5,185,38,32,1,1,0,2
Kamaru Usman,Sean Strickland,871.65625,16,0,2,0,3,5,1,185.42,193.04,185,834.875,11,1,4,0,4,4,0,182.88,193.04,170,26,29,2,0,-2,2
Thiago Alves,Patrick Cote,665.7402782,50,2,0,4,4,10,10,180.34,190.5,170,742.9683762,50,1,0,1,7,13,8,175.26,177.8,170,37,33,0,0,0,2
Leon Edwards,Vicente Luque,185.5625,8,0,0,1,4,4,1,180.34,190.5,170,812.625,16,0,0,1,2,4,2,187.96,187.96,170,25,25,1,0,-1,2
Gunnar Nelson,Alan Jouban,742.1953125,16,0,1,0,3,6,2,182.88,185.42,170,619.390625,18,0,4,0,4,6,2,180.34,182.88,170,35,28,2,1,-1,2
Alex Oliveira,Tim Means,325.0307617,29,0,2,0,4,8,5,187.96,190.5,170,473.4765625,18,0,0,1,3,5,3,180.34,193.04,170,33,29,0,0,0,2
Tyron Woodley,Stephen Thompson,1208.587891,25,1,1,0,7,8,2,182.88,190.5,170,939.828125,20,2,1,0,3,6,3,175.26,187.96,170,34,34,0,0,0,2
Nordine Taleb,Santiago Ponzinibbio,620.75,14,0,0,1,3,5,2,182.88,185.42,170,559.75,13,0,3,0,3,4,1,185.42,187.96,170,30,35,0,0,0,0
Randy Brown,Belal Muhammad,479.25,7,0,0,1,1,1,2,180.34,182.88,170,515.875,10,0,1,0,2,3,1,190.5,198.12,170,28,26,0,0,0,0
Ryan LaFlare,Roan Carneiro,592.7265625,17,0,1,0,1,4,4,180.34,193.04,170,1050,20,0,4,0,4,5,1,185.42,187.96,170,38,33,1,0,-1,2
Alex Morono,Niko Price,270,1,0,1,0,1,1,0,182.88,193.04,170,900,6,0,2,0,2,2,0,180.34,182.88,170,27,26,0,0,0,1
Donald Cerrone,Jorge Masvidal,589.9155273,33,0,2,0,3,8,4,180.34,187.96,170,550.7479148,48,1,4,0,8,19,4,185.42,185.42,155,32,33,0,0,0,0
Court McGee,Ben Saunders,475.1191406,22,0,3,0,3,7,4,187.96,195.58,170,738.1660156,30,1,3,0,3,7,4,180.34,190.5,170,33,32,0,0,0,0
Dong Hyun Kim,Tarec Saffiedine,948.5,14,0,1,0,1,2,2,177.8,177.8,170,366.8607483,39,0,2,0,4,12,4,187.96,193.04,170,30,35,1,2,1,2
Johny Hendricks,Neil Magny,561.3318481,40,0,1,0,7,11,4,190.5,203.2,170,788.9278717,46,3,4,0,6,12,5,175.26,175.26,185,29,33,1,0,-1,0
Mike Pyle,Alex Garcia,828.9375,13,0,2,0,2,3,2,175.26,182.88,170,557.2072296,35,0,0,1,4,10,7,182.88,187.96,170,29,41,0,0,0,0
Alex Oliveira,Tim Means,437.0615234,28,0,2,0,4,8,4,187.96,190.5,170,733.953125,17,0,0,1,3,5,2,180.34,193.04,170,32,28,0,0,0,1
Alan Jouban,Mike Perry,549,4,0,2,0,2,2,0,177.8,180.34,170,584.390625,13,0,1,0,2,5,2,182.88,185.42,170,25,35,1,0,-1,2
James Moontasri,Alex Morono,900,3,0,1,0,1,1,0,180.34,182.88,170,622.8125,10,0,0,1,1,2,3,177.8,180.34,170,26,28,2,0,-2,0
Bryan Barberena,Colby Covington,633.75,14,0,3,0,3,5,1,180.34,182.88,170,784.5,11,0,1,0,2,3,1,182.88,182.88,170,28,27,1,0,-1,0
Sage Northcutt,Mickey Gall,89.5,2,0,2,0,2,2,0,187.96,187.96,170,621.25,8,0,2,0,2,3,1,182.88,180.34,170,24,20,0,2,2,0
Bojan Velickovic,Sultan Aliev,162,1,0,0,1,0,0,1,180.34,187.96,170,900,6,0,1,0,1,1,1,182.88,193.04,170,32,27,1,0,-1,0
Donald Cerrone,Matt Brown,424.5136099,50,0,1,0,7,13,9,182.88,190.5,170,467.4958296,45,1,4,0,8,18,4,185.42,185.42,155,35,33,0,0,0,2
Jake Ellenberger,Jorge Masvidal,934.8310547,32,0,2,0,3,7,4,180.34,187.96,170,378.2949219,36,0,0,1,6,10,7,175.26,180.34,170,32,31,0,0,0,0
Kyle Noke,Omari Akhmedov,684.96875,12,0,1,0,2,3,3,182.88,185.42,185,633.7802734,22,0,3,0,3,6,5,185.42,193.04,170,29,36,1,0,-1,0
Richard Walsh,Jonathan Meunier,654,3,0,0,1,0,0,1,190.5,,170,804.875,13,0,1,0,1,2,3,182.88,185.42,170,29,27,0,2,2,0
Sergio Moraes,Zak Ottow,900,3,0,1,0,1,1,0,180.34,182.88,170,811.875,16,1,0,1,4,4,2,182.88,182.88,170,29,34,0,0,0,2
Warlley Alves,Kamaru Usman,769.75,8,1,3,0,3,3,0,182.88,193.04,170,635.6875,12,1,4,0,4,4,1,180.34,182.88,170,29,25,0,2,2,0
Zak Cummings,Alexander Yakovlev,734.75,13,0,0,2,2,2,3,190.5,187.96,155,753.34375,13,0,2,0,2,4,2,182.88,190.5,185,32,32,1,1,0,2
Tyron Woodley,Stephen Thompson,917.1757813,20,0,1,0,7,8,1,182.88,190.5,170,379.65625,15,1,1,0,3,6,2,175.26,187.96,170,33,34,0,0,0,1
Vicente Luque,Belal Muhammad,879.5,6,0,0,1,1,1,1,180.34,182.88,170,292.125,7,0,0,1,3,3,1,180.34,190.5,170,28,24,0,0,0,2
Erick Montano,Max Griffin,738,3,0,0,1,0,0,1,180.34,193.04,170,759,6,1,1,0,1,1,1,182.88,185.42,170,30,30,0,0,0,0
Leon Edwards,Albert Tumenov,570.34375,14,0,0,1,5,5,2,180.34,185.42,170,844.25,13,0,0,1,2,3,2,187.96,187.96,170,24,25,1,0,-1,2
Danny Roberts,Mike Perry,218,1,0,1,0,1,1,0,177.8,180.34,170,533,4,0,2,0,2,2,0,185.42,187.96,170,25,29,1,0,-1,0
Keita Nakamura,Elizeu Zaleski dos Santos,841.5,6,0,0,1,1,1,1,180.34,185.42,170,729.125,17,0,0,3,1,2,4,180.34,185.42,170,29,32,1,0,-1,0
Erick Silva,Luan Chagas,900,3,0,0,1,0,0,1,182.88,190.5,170,489.0620117,20,0,1,0,2,6,6,182.88,187.96,170,23,32,0,0,0,2
Vicente Luque,Hector Urbina,559,4,0,1,0,1,1,1,180.34,185.42,170,524.25,6,0,0,1,2,2,1,180.34,190.5,170,29,24,0,0,0,2
Roan Carneiro,Kenny Robertson,650.0546875,17,0,0,2,3,4,4,177.8,187.96,170,285.453125,14,0,1,0,1,3,4,180.34,193.04,170,32,38,0,0,0,2
Augusto Montano,Belal Muhammad,900,3,0,0,1,0,0,1,180.34,182.88,170,595,4,0,1,0,1,1,1,185.42,185.42,170,28,31,0,0,0,0
Erick Montano,Randy Brown,675.5,5,0,1,0,1,1,1,190.5,198.12,170,900,3,1,1,0,1,1,0,182.88,185.42,170,26,30,0,0,0,0
Yancy Medeiros,Sean Spencer,879.890625,21,0,0,1,2,3,4,177.8,187.96,170,730.5859375,13,0,0,3,2,3,5,177.8,190.5,155,29,29,0,0,0,2
Peter Sobotta,Nicolas Dalby,900,9,0,1,0,1,1,2,180.34,187.96,170,329.75,14,0,0,3,2,2,4,182.88,190.5,170,31,29,1,0,-1,2
Demian Maia,Carlos Condit,1078.374023,37,3,0,1,5,7,5,187.96,190.5,170,871.8929527,61,1,5,0,5,17,6,185.42,182.88,170,32,38,1,0,-1,2
Rick Story,Donald Cerrone,512.9916592,43,1,4,0,8,17,4,185.42,185.42,155,982.9482803,49,0,0,1,6,12,6,175.26,180.34,170,33,31,1,0,-1,0
Nate Diaz,Conor McGregor,394.4453125,13,2,7,0,7,7,1,175.26,187.96,155,673.1515694,52,2,5,0,5,14,8,182.88,193.04,170,28,31,1,1,0,0
Neil Magny,Lorenz Larkin,790.171875,22,0,0,1,2,4,5,180.34,182.88,170,874.6636963,39,0,1,0,7,11,3,190.5,203.2,170,29,29,0,0,0,0
Court McGee,Dominique Steele,617.5,7,0,0,1,1,1,2,177.8,187.96,170,576.3320313,27,1,3,0,3,6,4,180.34,190.5,170,28,31,0,0,0,2
Santiago Ponzinibbio,Zak Cummings,606.6875,10,0,2,0,2,4,1,182.88,190.5,185,341.5,11,0,0,1,2,4,2,182.88,185.42,170,32,29,0,1,1,2
Matt Brown,Jake Ellenberger,650.5898438,35,0,0,1,6,9,7,175.26,180.34,170,743.0272198,49,0,1,0,7,13,8,182.88,190.5,170,31,35,0,0,0,0
Ross Pearson,Jorge Masvidal,969.6621094,29,0,2,0,3,6,4,180.34,187.96,170,885.1338234,51,1,3,0,3,11,9,172.72,175.26,155,31,31,0,0,0,0
Robbie Lawler,Tyron Woodley,627.3125,14,0,1,0,2,5,2,175.26,187.96,170,1403.656647,48,4,3,0,5,12,4,180.34,187.96,170,34,34,1,0,-1,0
Michael Graves,Bojan Velickovic,900,3,0,1,0,1,1,0,182.88,193.04,170,675.5,5,0,2,0,2,2,0,177.8,180.34,170,27,25,0,1,1,1
Kamaru Usman,Alexander Yakovlev,569.5,10,0,0,2,2,2,2,190.5,187.96,155,639.5,5,1,2,0,2,2,0,182.88,193.04,170,32,29,2,1,-1,2
Alex Oliveira,James Moontasri,345.625,7,0,0,1,1,2,2,177.8,180.34,170,415.8125,11,0,0,1,3,3,2,180.34,193.04,170,28,28,0,2,2,2
Kyle Noke,Keita Nakamura,859.25,15,0,0,3,1,1,4,180.34,185.42,170,668.5605469,20,0,3,0,3,6,4,185.42,193.04,170,32,36,1,1,0,0
Johny Hendricks,Kelvin Gastelum,1080.734375,21,1,5,0,5,6,2,175.26,180.34,185,677.8557434,43,3,4,0,6,12,4,175.26,175.26,185,24,32,1,1,0,0
Li Jingliang,Anton Zafir,276,1,0,0,1,0,0,1,180.34,,170,614.75,10,0,1,0,1,2,2,182.88,180.34,170,29,28,0,0,0,2
Mike Pyle,Alberto Mina,578.5,4,0,2,0,2,2,0,182.88,195.58,170,737.4144592,33,0,0,1,4,10,6,182.88,187.96,170,34,40,0,0,0,0
Vicente Luque,Alvaro Herrera Mendoza,30,1,0,1,0,1,1,0,182.88,187.96,155,516.5,4,0,0,1,1,1,1,180.34,190.5,170,26,24,0,0,0,2
Rory MacDonald,Stephen Thompson,334.3515625,15,0,1,0,6,7,1,182.88,190.5,170,1023.589844,33,1,1,0,5,9,3,182.88,193.04,170,33,26,0,0,0,0
Donald Cerrone,Patrick Cote,576.4805565,47,2,0,4,4,10,9,180.34,190.5,170,270.9833183,40,1,4,0,8,16,4,185.42,185.42,155,36,33,0,0,0,2
Sean Strickland,Tom Breese,593.75,5,0,3,0,3,3,0,190.5,185.42,185,843.3125,13,0,2,0,2,4,1,185.42,193.04,185,24,25,0,1,1,2
Jorge Masvidal,Lorenz Larkin,680.34375,19,0,0,1,2,3,5,180.34,182.88,170,1039.324219,26,0,2,0,3,6,3,180.34,187.96,170,29,31,0,0,0,0
Tarec Saffiedine,Rick Story,1065.896561,46,0,0,1,6,11,6,175.26,180.34,170,997,11,0,1,0,1,2,1,177.8,177.8,170,31,29,2,1,-1,0
Demian Maia,Matt Brown,615.0544395,46,0,1,0,7,13,7,182.88,190.5,170,872.7859054,58,1,5,0,5,16,6,185.42,182.88,170,35,38,1,0,-1,2
Warlley Alves,Bryan Barberena,669,8,0,1,0,1,2,1,182.88,182.88,170,371.375,9,1,4,0,4,4,0,180.34,182.88,170,27,25,0,1,1,0
Albert Tumenov,Gunnar Nelson,743.78125,16,0,4,0,4,5,2,180.34,182.88,170,645.6875,12,0,0,1,5,5,1,180.34,185.42,170,27,24,0,2,2,0
Leon Edwards,Dominic Waters,545.5,4,0,0,2,0,0,2,185.42,200.66,170,788.5,10,0,0,1,2,2,2,187.96,187.96,170,27,24,1,0,-1,2
Danny Roberts,Dominique Steele,335,4,0,0,1,1,1,1,177.8,187.96,170,166,1,0,1,0,1,1,0,185.42,187.96,170,28,28,1,0,-1,2
Court McGee,Santiago Ponzinibbio,428,10,0,0,1,2,3,2,182.88,185.42,170,897.6640625,26,1,3,0,3,6,3,180.34,190.5,170,29,31,0,0,0,0
Randy Brown,Michael Graves,900,3,0,1,0,1,1,0,177.8,180.34,170,900,3,0,1,0,1,1,0,190.5,198.12,170,25,25,0,0,0,0
Elizeu Zaleski dos Santos,Omari Akhmedov,586.9375,9,0,1,0,2,3,2,182.88,185.42,185,900,3,0,0,1,0,0,1,180.34,185.42,170,28,29,0,0,0,2
Nicolas Dalby,Zak Cummings,313.375,7,0,2,0,2,3,1,182.88,190.5,185,900,6,0,1,0,1,1,1,180.34,187.96,170,31,31,0,1,1,0
Hector Lombard,Neil Magny,1103.327393,36,0,1,0,7,10,3,190.5,203.2,170,779.6875,14,0,0,1,2,3,3,175.26,180.34,185,28,38,1,0,-1,0
Brendan O'Reilly,Alan Jouban,402.5625,9,0,1,0,2,3,2,182.88,185.42,170,900,6,0,0,1,1,1,1,170.18,175.26,170,34,28,0,1,1,0
Richard Walsh,Viscardi Andrade,699,7,0,1,0,1,2,1,180.34,190.5,170,709.75,10,0,1,0,1,2,2,182.88,185.42,170,32,27,0,0,0,0
Brandon Thatch,Siyar Bahadurzada,685.5,7,0,1,0,1,1,2,180.34,185.42,170,398.125,7,0,2,0,2,2,2,187.96,187.96,170,31,30,2,0,-2,0
Conor McGregor,Nate Diaz,794.3031387,50,2,5,0,5,13,8,182.88,193.04,170,236.890625,11,2,7,0,7,7,0,175.26,187.96,155,30,27,1,1,0,0
Erick Silva,Nordine Taleb,725.5,11,0,3,0,3,3,1,185.42,187.96,170,584.1240234,18,0,1,0,2,6,5,182.88,187.96,170,34,31,0,0,0,0
Tom Breese,Keita Nakamura,818.5,12,0,0,3,1,1,3,180.34,185.42,170,287.5,2,0,2,0,2,2,0,190.5,185.42,185,31,24,1,1,0,2
Donald Cerrone,Alex Oliveira,678.625,10,0,0,1,3,3,1,180.34,193.04,170,388.9666367,39,1,4,0,8,15,4,185.42,185.42,155,28,32,0,0,0,2
Alex Garcia,Sean Strickland,821.625,10,0,2,0,2,3,1,185.42,193.04,185,792.875,10,0,2,0,2,3,1,175.26,182.88,170,24,28,0,0,0,0
Jonavin Webb,Nathan Coy,166,1,0,0,1,0,0,1,177.8,175.26,170,900,3,0,0,1,0,0,1,177.8,,170,37,26,0,1,1,0
Johny Hendricks,Stephen Thompson,457.703125,14,0,1,0,5,6,1,182.88,190.5,170,1144.711487,42,3,4,0,6,12,3,175.26,175.26,185,32,32,1,0,-1,0
Mike Pyle,Sean Spencer,894.78125,18,0,0,1,2,3,3,177.8,187.96,170,609.8289185,30,0,0,1,4,9,6,182.88,187.96,170,28,40,0,0,0,2
Sage Northcutt,Bryan Barberena,852,6,0,1,0,1,1,1,182.88,182.88,170,199,3,0,2,0,2,2,0,182.88,180.34,170,26,19,0,1,1,0
Tarec Saffiedine,Jake Ellenberger,401.1796875,32,0,0,1,6,9,6,175.26,180.34,170,1094,8,0,1,0,1,1,1,177.8,177.8,170,30,29,2,0,-2,2
George Sullivan,Alexander Yakovlev,900,9,0,0,2,1,1,2,190.5,187.96,155,824.125,11,0,2,0,2,3,1,182.88,185.42,170,31,34,0,1,1,0
Patrick Cote,Ben Saunders,576.2382813,20,0,3,0,3,7,3,187.96,195.58,170,778.961113,45,2,0,4,4,9,9,180.34,190.5,170,32,35,0,0,0,2
Lorenz Larkin,Albert Tumenov,391.375,9,0,0,1,4,4,1,180.34,185.42,170,460.6875,16,0,0,1,2,3,4,180.34,182.88,170,24,29,0,0,0,0
Robbie Lawler,Carlos Condit,656.7480469,32,2,0,1,5,7,4,187.96,190.5,170,1307.313293,43,3,3,0,4,11,4,180.34,187.96,170,31,33,1,0,-1,2
Sheldon Westcott,Edgar Garcia,394.75,5,0,0,3,0,0,3,177.8,180.34,170,740.5,5,1,0,2,0,0,2,185.42,180.34,170,31,31,1,0,-1,2
Kamaru Usman,Leon Edwards,677,7,0,0,1,2,2,1,187.96,187.96,170,379,2,1,1,0,1,1,0,182.88,193.04,170,24,28,2,1,-1,2
Hayder Hassan,Vicente Luque,900,3,0,0,1,0,0,1,180.34,190.5,170,379,2,1,0,1,0,0,1,177.8,,170,24,33,3,0,-3,0
Warlley Alves,Colby Covington,724,7,0,3,0,3,3,0,180.34,182.88,170,656.75,8,1,3,0,3,3,0,180.34,182.88,170,27,24,0,0,0,2
Demian Maia,Gunnar Nelson,587.5625,13,0,4,0,4,5,1,180.34,182.88,170,845.5718107,55,1,5,0,5,15,6,185.42,182.88,170,27,38,1,2,1,2
Court McGee,Marcio Alexandre Junior,762.5,6,1,0,2,0,0,2,182.88,190.5,185,895.328125,23,1,3,0,3,5,3,180.34,190.5,170,26,30,0,1,1,2
Ryan LaFlare,Mike Pierce,322.3408203,34,0,1,0,4,9,4,172.72,180.34,170,1200,17,0,4,0,4,4,1,185.42,187.96,170,35,32,1,0,-1,2
Omari Akhmedov,Sergio Moraes,709.5,10,1,0,1,3,3,1,182.88,182.88,170,435.875,6,0,1,0,2,3,1,182.88,185.42,185,33,28,0,0,0,0
Tim Means,John Howard,708.1762695,35,0,4,0,4,7,6,170.18,182.88,170,475.2460938,24,0,2,0,4,6,4,187.96,190.5,170,32,31,0,0,0,2
Santiago Ponzinibbio,Andreas Stahl,900,3,0,0,1,0,0,1,180.34,,170,591,9,0,0,1,2,2,2,182.88,185.42,170,27,29,0,0,0,2
Dong Hyun Kim,Dominic Waters,900,3,0,0,1,0,0,1,185.42,200.66,170,542.7214966,38,0,2,0,4,11,4,187.96,193.04,170,26,34,1,0,-1,2
Yoshihiro Akiyama,Alberto Mina,257,1,0,1,0,1,1,0,182.88,195.58,170,800.875,16,0,1,0,1,2,4,177.8,190.5,170,33,40,0,0,0,0
Benson Henderson,Jorge Masvidal,578.6484375,21,0,2,0,3,6,2,180.34,187.96,170,947.9921875,47,5,7,0,7,10,3,175.26,177.8,170,31,32,1,0,-1,2
Neil Magny,Kelvin Gastelum,661.46875,16,1,5,0,5,6,1,175.26,180.34,185,706.6547852,31,0,1,0,7,9,3,190.5,203.2,170,24,28,0,1,1,2
Hector Urbina,Bartosz Fabinski,900,3,0,1,0,1,1,0,182.88,190.5,170,218,1,0,1,0,1,1,0,180.34,185.42,170,29,28,0,0,0,0
Kyle Noke,Peter Sobotta,538.5,13,0,0,3,2,2,3,182.88,190.5,170,753.2421875,16,0,3,0,3,5,3,185.42,193.04,170,28,35,1,1,0,2
Richard Walsh,Steve Kennedy,177,1,0,0,1,0,0,1,180.34,,170,519.5,7,0,1,0,1,1,2,182.88,185.42,170,32,26,0,0,0,2
Viscardi Andrade,Gasan Umalatov,900,9,0,0,1,1,1,2,180.34,180.34,170,498,4,0,1,0,1,1,1,180.34,190.5,170,33,31,0,0,0,2
Nicolas Dalby,Darren Till,397,2,0,1,0,1,1,0,182.88,187.96,185,900,3,0,1,0,1,1,0,180.34,187.96,170,22,30,0,1,1,1
Cathal Pendred,Tom Breese,298,1,0,1,0,1,1,0,190.5,185.42,185,875.8125,14,0,4,0,4,4,1,185.42,190.5,170,24,28,0,1,1,0
Alan Jouban,Albert Tumenov,607.75,8,0,0,1,3,3,1,180.34,185.42,170,630.125,8,0,1,0,2,3,1,182.88,185.42,170,23,33,1,0,-1,0
Keita Nakamura,Li Jingliang,492.5,7,0,1,0,1,2,1,182.88,180.34,170,900,9,0,0,3,0,0,3,180.34,185.42,170,27,31,1,0,-1,2
Neil Magny,Erick Silva,268.2480469,15,0,1,0,2,6,4,182.88,187.96,170,513.3095703,28,0,1,0,7,8,3,190.5,203.2,170,31,28,0,0,0,2
Patrick Cote,Joshua Burkman,795.7431641,30,0,2,0,2,5,7,177.8,182.88,170,871.922226,42,2,0,4,4,8,9,180.34,190.5,170,35,35,0,0,0,2
Demian Maia,Neil Magny,554.6191406,26,0,1,0,7,8,2,190.5,203.2,170,1219.143621,53,1,5,0,5,14,6,185.42,182.88,170,27,37,1,0,-1,2
Warlley Alves,Nordine Taleb,900,9,0,3,0,3,3,0,185.42,187.96,170,762.5,6,1,2,0,2,2,0,180.34,182.88,170,34,24,0,0,0,2
Kenny Robertson,Ben Saunders,252.4765625,17,0,3,0,3,6,3,187.96,195.58,170,400.109375,14,0,0,2,3,4,3,177.8,187.96,170,32,31,0,0,0,0
Leon Edwards,Pawel Pawlak,900,6,0,0,1,1,1,1,182.88,185.42,170,454,4,0,0,1,1,1,1,187.96,187.96,170,26,23,1,0,-1,2
Alan Jouban,Matt Dwyer,128.5,2,0,0,1,1,1,1,193.04,193.04,170,360.25,5,0,1,0,1,2,1,182.88,185.42,170,25,33,1,0,-1,2
Igor Araujo,Sean Strickland,743.25,7,0,2,0,2,2,1,185.42,193.04,185,675.5,8,0,2,0,2,2,1,185.42,195.58,170,24,34,0,0,0,0
Jorge Masvidal,Cezar Ferreira,422.71875,12,1,3,0,3,4,2,185.42,198.12,185,895.296875,20,0,2,0,3,5,2,180.34,187.96,170,30,30,0,1,1,2
Jake Ellenberger,Stephen Thompson,646.40625,13,0,1,0,4,5,1,182.88,190.5,170,533.359375,31,0,0,1,6,9,5,175.26,180.34,170,32,30,0,0,0,0
Matt Brown,Tim Means,666.4921875,23,0,2,0,4,6,3,187.96,190.5,170,946.1088791,45,0,1,0,7,12,7,182.88,190.5,170,31,34,0,0,0,2
Gunnar Nelson,Brandon Thatch,622.25,6,0,2,0,2,2,1,187.96,187.96,170,1001.125,12,0,4,0,4,4,1,180.34,182.88,170,29,26,2,2,0,2
Robbie Lawler,Rory MacDonald,787.1796875,28,0,1,0,5,9,2,182.88,193.04,170,1354.626587,38,2,3,0,3,10,4,180.34,187.96,170,25,33,1,0,-1,2
Cathal Pendred,John Howard,516.3525391,32,0,4,0,4,6,6,170.18,182.88,170,851.625,11,0,4,0,4,4,0,185.42,190.5,170,32,27,0,0,0,0
Mike Swick,Alex Garcia,685.75,7,0,2,0,2,2,1,175.26,182.88,170,458.7724609,28,0,5,0,5,10,4,185.42,195.58,170,27,36,0,0,0,0
Santiago Ponzinibbio,Lorenz Larkin,434.375,14,0,0,1,1,2,4,180.34,182.88,170,695,7,0,0,1,2,2,1,182.88,185.42,170,28,28,0,0,0,0
Augusto Montano,Cathal Pendred,803.25,8,0,3,0,3,3,0,185.42,190.5,170,290,1,0,1,0,1,1,0,185.42,185.42,170,27,30,0,0,0,0
Brian Ebersole,Omari Akhmedov,571.75,5,0,1,0,1,2,1,182.88,185.42,185,890.125,19,0,4,0,4,5,2,182.88,185.42,170,27,34,1,0,-1,0
KJ Noons,Alex Oliveira,854,3,0,0,1,0,0,1,180.34,193.04,170,395,9,0,0,1,2,2,2,177.8,177.8,155,27,32,0,0,0,0
Carlos Condit,Thiago Alves,571.8735046,45,1,0,1,7,13,6,175.26,177.8,170,713.4960938,30,2,0,1,5,6,4,187.96,190.5,170,31,31,0,0,0,2
Dong Hyun Kim,Joshua Burkman,858.4863281,27,0,2,0,2,5,6,177.8,182.88,170,352.4429932,35,0,2,0,4,10,4,187.96,193.04,170,35,33,1,0,-1,2
Mike Pyle,Colby Covington,548,4,0,2,0,2,2,0,180.34,182.88,170,319.6578369,27,0,0,1,4,9,5,182.88,187.96,170,27,39,0,0,0,0
Hyun Gyu Lim,Neil Magny,725.2382813,24,0,1,0,6,7,2,190.5,203.2,170,511.25,9,0,2,0,2,3,1,190.5,195.58,170,27,30,0,0,0,0
Li Jingliang,Dhiego Lima,311.25,5,1,0,1,1,1,2,187.96,190.5,170,900,6,0,1,0,1,1,1,182.88,180.34,170,26,27,0,0,0,2
Vik Grujic,Brendan O'Reilly,900,3,0,0,1,0,0,1,170.18,175.26,170,391.75,5,0,0,1,1,1,2,180.34,185.42,170,27,38,0,0,0,0
Patrick Cote,Joe Riggs,115.8789063,13,0,1,0,1,4,5,182.88,177.8,185,843.8444519,39,2,0,4,4,7,9,180.34,190.5,170,32,35,0,1,1,2
Nordine Taleb,Chris Clements,392.5,9,0,1,0,1,2,2,177.8,177.8,170,900,6,0,2,0,2,2,0,185.42,187.96,170,39,33,0,0,0,2
George Sullivan,Tim Means,511.984375,20,0,2,0,3,5,3,187.96,190.5,170,675.5,5,0,2,0,2,2,0,182.88,185.42,170,31,34,0,0,0,0
Pawel Pawlak,Sheldon Westcott,581,2,1,0,1,0,0,1,185.42,180.34,170,900,3,0,0,1,0,0,1,182.88,185.42,170,30,26,0,1,1,2
Seth Baczynski,Leon Edwards,900,3,0,0,1,0,0,1,187.96,187.96,170,530.5703125,22,0,0,1,4,5,5,190.5,190.5,170,23,33,0,1,1,0
Demian Maia,Ryan LaFlare,900,12,0,4,0,4,4,0,185.42,187.96,170,938.2872429,48,1,5,0,5,13,6,185.42,182.88,170,31,37,1,1,0,2
Erick Silva,Josh Koscheck,484.9729846,51,1,2,0,5,15,9,177.8,185.42,170,275.4960938,14,0,1,0,1,5,4,182.88,187.96,170,37,30,0,0,0,2
Johny Hendricks,Matt Brown,992.2177582,42,0,1,0,7,12,6,182.88,190.5,170,1389.422974,39,3,4,0,6,11,3,175.26,175.26,185,34,31,1,0,-1,2
Jake Ellenberger,Josh Koscheck,409.9459691,49,1,2,0,5,15,8,177.8,185.42,170,506.71875,29,0,0,1,6,8,5,175.26,180.34,170,37,29,0,0,0,2
Dhiego Lima,Tim Means,886.96875,19,0,2,0,2,4,3,187.96,190.5,170,485.5,4,1,0,1,1,1,1,187.96,190.5,170,31,26,0,0,0,0
Alan Jouban,Richard Walsh,900,6,0,1,0,1,1,1,182.88,185.42,170,581.5,4,0,1,0,1,1,1,182.88,185.42,170,26,33,1,0,-1,2
Santiago Ponzinibbio,Sean Strickland,586.5,4,0,2,0,2,2,0,185.42,193.04,185,490,4,0,0,1,1,1,1,182.88,185.42,170,23,28,0,0,0,2
William Macario,Matt Dwyer,63,1,0,0,1,0,0,1,193.04,193.04,170,750.75,8,1,0,1,1,1,2,180.34,190.5,170,25,23,0,0,0,0
Benson Henderson,Brandon Thatch,106.5,2,0,2,0,2,2,0,187.96,187.96,170,757.984375,43,5,7,0,7,9,3,175.26,177.8,170,29,31,1,2,1,2
Neil Magny,Kiichi Kunimoto,537.25,5,0,3,0,3,3,0,177.8,180.34,170,768.4765625,21,0,1,0,5,6,2,190.5,203.2,170,33,27,0,0,0,2
Jordan Mein,Thiago Alves,804.7470093,43,1,0,1,7,12,6,175.26,177.8,170,341.25,7,0,1,0,2,3,1,182.88,185.42,170,31,25,0,0,0,0
Tyron Woodley,Kelvin Gastelum,545.875,11,1,5,0,5,5,0,175.26,180.34,185,354.625,11,0,1,0,2,4,2,175.26,187.96,170,23,32,0,1,1,2
Nicholas Musoke,Albert Tumenov,315.5,5,0,0,1,2,2,1,180.34,185.42,170,810.875,10,0,2,0,2,3,1,182.88,190.5,170,23,28,0,0,0,0
John Howard,Lorenz Larkin,731.75,13,0,0,1,1,1,4,180.34,182.88,170,895.7050781,31,0,4,0,4,6,5,170.18,182.88,170,28,31,0,0,0,0
Cathal Pendred,Sean Spencer,889.5625,15,0,0,1,2,3,2,177.8,187.96,170,706.5,5,0,2,0,2,2,0,185.42,190.5,170,27,27,0,0,0,2
Hector Lombard,Joshua Burkman,816.9726563,24,0,2,0,2,5,5,177.8,182.88,170,659.375,11,0,0,1,2,3,2,175.26,180.34,185,34,36,1,0,-1,1
Omari Akhmedov,Mats Nilsson,264,1,0,0,1,0,0,1,185.42,,170,243.5,2,0,1,0,1,1,1,182.88,185.42,185,31,27,0,0,0,2
Erick Silva,Mike Rhodes,900,6,0,0,2,0,0,2,185.42,187.96,170,475.9921875,13,0,1,0,1,4,4,182.88,187.96,170,25,30,0,0,0,2
Marcio Alexandre Junior,Tim Means,873.9375,16,0,2,0,2,3,3,187.96,190.5,170,625,3,1,0,1,0,0,1,182.88,190.5,185,30,25,1,0,-1,0
Joe Riggs,Ben Saunders,447.953125,16,0,3,0,3,5,3,187.96,195.58,170,174.7578125,12,0,1,0,1,4,4,182.88,177.8,185,31,32,1,0,-1,0
Johny Hendricks,Robbie Lawler,1209.253174,33,1,3,0,3,9,4,180.34,187.96,170,1278.845947,34,2,4,0,6,11,2,175.26,175.26,185,32,31,1,1,0,0
Jake Ellenberger,Kelvin Gastelum,805.75,10,1,4,0,4,4,0,175.26,180.34,185,727.4375,28,0,0,1,6,8,4,175.26,180.34,170,23,29,0,1,1,0
Warlley Alves,Alan Jouban,263,1,0,1,0,1,1,0,182.88,185.42,170,625,3,1,1,0,1,1,0,180.34,182.88,170,32,23,0,1,1,2
Wagner Silva,Colby Covington,290,1,0,1,0,1,1,0,180.34,182.88,170,366,2,0,0,1,0,0,1,182.88,,170,26,27,0,0,0,0
Vik Grujic,Chris Clements,599,8,0,1,0,1,1,2,177.8,177.8,170,597.5,4,0,0,1,1,1,1,180.34,185.42,170,38,37,0,0,0,0
William Macario,Neil Magny,776.953125,18,0,1,0,4,5,2,190.5,203.2,170,741.5,5,1,0,1,1,1,1,180.34,190.5,170,27,23,0,0,0,0
Nordine Taleb,Li Jingliang,900,3,0,1,0,1,1,0,182.88,180.34,170,900,3,0,1,0,1,1,0,185.42,187.96,170,26,33,0,0,0,2
Rory MacDonald,Tarec Saffiedine,1500,5,0,1,0,1,1,0,177.8,177.8,170,886.359375,25,0,1,0,5,8,2,182.88,193.04,170,28,25,0,2,2,2
Nicholas Musoke,Alexander Yakovlev,900,3,0,0,1,0,0,1,190.5,187.96,155,721.75,7,0,2,0,2,2,1,182.88,190.5,170,30,28,0,1,1,2
Cathal Pendred,Gasan Umalatov,900,6,0,0,1,1,1,1,180.34,180.34,170,513,2,0,1,0,1,1,0,185.42,190.5,170,32,27,0,0,0,2
Gunnar Nelson,Rick Story,631.7931213,41,0,0,1,6,10,6,175.26,180.34,170,502.25,7,0,4,0,4,4,0,180.34,182.88,170,30,26,2,1,-1,0
Patrick Cote,Stephen Thompson,392.8125,10,0,1,0,3,4,1,182.88,190.5,170,787.6889038,36,2,0,4,4,7,8,180.34,190.5,170,31,34,0,0,0,0
John Howard,Brian Ebersole,880.25,16,0,4,0,4,4,2,182.88,185.42,170,891.4101563,28,0,4,0,4,6,4,170.18,182.88,170,33,31,0,1,1,0
Kiichi Kunimoto,Richard Walsh,900,3,0,1,0,1,1,0,182.88,185.42,170,174.5,2,0,2,0,2,2,0,177.8,180.34,170,25,33,0,0,0,2
Yoshihiro Akiyama,Amir Sadollah,872.3339844,25,1,1,0,2,6,4,177.8,190.5,170,701.75,13,0,1,0,1,1,4,177.8,190.5,170,34,39,0,0,0,2
Hyun Gyu Lim,Takenori Sato,52,1,0,0,1,0,0,1,177.8,,170,944.5,8,0,2,0,2,2,1,190.5,195.58,170,29,29,0,1,1,2
Igor Araujo,George Sullivan,900,3,0,1,0,1,1,0,182.88,185.42,170,900,6,0,2,0,2,2,0,185.42,195.58,170,33,33,0,0,0,0
Paulo Thiago,Sean Spencer,879.125,12,0,0,1,2,2,2,177.8,187.96,170,679.4008789,29,0,1,0,2,5,7,180.34,187.96,170,27,33,0,0,0,0
Mike Pyle,Jordan Mein,610.5,6,0,1,0,1,2,1,182.88,185.42,170,567.3156738,26,0,0,1,4,9,4,182.88,187.96,170,24,38,0,0,0,0
Neil Magny,Alex Garcia,471.5,4,0,2,0,2,2,0,175.26,182.88,170,653.90625,15,0,1,0,3,4,2,190.5,203.2,170,27,27,0,0,0,2
Tyron Woodley,Dong Hyun Kim,643.8859863,34,0,2,0,4,10,3,187.96,193.04,170,648.25,10,0,1,0,2,3,2,175.26,187.96,170,32,32,0,1,1,2
Sai Wang,Danny Mitchell,900,3,0,0,1,0,0,1,187.96,,170,900,3,1,0,1,0,0,1,182.88,,170,28,28,1,0,-1,2
Robbie Lawler,Matt Brown,484.4355164,37,0,1,0,7,12,5,182.88,190.5,170,918.5063477,28,1,3,0,3,8,4,180.34,187.96,170,33,32,1,0,-1,2
Hernani Perpetuo,Tim Means,847.875,13,0,2,0,2,2,3,187.96,190.5,170,900,3,0,0,1,0,0,1,182.88,,170,30,29,0,0,0,0
Gunnar Nelson,Zak Cummings,579.5,4,0,2,0,2,2,0,182.88,190.5,185,416.5,5,0,3,0,3,3,0,180.34,182.88,170,29,25,2,1,-1,2
Rick Story,Leonardo Mafra,641,3,0,0,1,0,0,1,177.8,177.8,155,831.5862427,39,0,0,1,6,9,6,175.26,180.34,170,25,29,1,0,-1,2
Kenny Robertson,Ildemar Alcantara,844.875,11,0,2,0,2,3,1,187.96,198.12,185,376.4375,10,0,0,2,1,2,3,177.8,187.96,170,31,30,0,0,0,2
Kelvin Gastelum,Nicholas Musoke,543.5,4,0,2,0,2,2,0,182.88,190.5,170,711.5,7,1,3,0,3,3,0,175.26,180.34,185,28,22,1,0,-1,2
Chris Indich,Vik Grujic,900,3,0,0,1,0,0,1,180.34,185.42,170,900,3,0,0,1,0,0,1,177.8,,170,37,27,3,0,-3,0
Robert Whittaker,Mike Rhodes,900,3,0,0,1,0,0,1,185.42,187.96,170,529.125,10,1,2,0,2,2,2,182.88,185.42,185,24,23,0,0,0,2
Rory MacDonald,Tyron Woodley,396.5,7,0,1,0,2,3,1,175.26,187.96,170,872.71875,22,0,1,0,5,7,2,182.88,193.04,170,32,24,0,0,0,2
Daniel Sarafian,Kiichi Kunimoto,177,1,0,1,0,1,1,0,177.8,180.34,170,710,7,0,0,1,1,1,2,175.26,185.42,185,33,31,0,0,0,0
Bobby Voelker,Lance Benoist,900,9,0,1,0,1,1,2,180.34,182.88,170,756,8,0,0,3,0,0,3,182.88,187.96,170,25,35,0,1,1,0
Paulo Thiago,Gasan Umalatov,900,3,0,0,1,0,0,1,180.34,180.34,170,458.8017578,26,0,1,0,2,5,6,180.34,187.96,170,31,33,0,0,0,0
Robbie Lawler,Jake Ellenberger,668.875,25,0,0,1,6,8,3,175.26,180.34,170,1051.012695,25,1,3,0,3,7,4,180.34,187.96,170,29,32,1,0,-1,2
Neil Magny,Tim Means,795.75,10,0,2,0,2,2,2,187.96,190.5,170,811.625,10,0,1,0,1,2,2,190.5,203.2,170,30,26,0,0,0,2
Matt Brown,Erick Silva,220.984375,10,0,1,0,1,4,3,182.88,187.96,170,237.8710327,34,0,1,0,6,11,5,182.88,190.5,170,29,33,0,0,0,2
Yan Cabral,Zak Cummings,259,1,0,1,0,1,1,0,182.88,190.5,185,900,3,0,1,0,1,1,0,180.34,185.42,155,29,30,0,1,1,0
Anthony Lapsley,Albert Tumenov,900,3,0,0,1,0,0,1,180.34,185.42,170,900,3,0,0,1,0,0,1,175.26,,170,22,34,1,0,-1,0
Thiago Alves,Seth Baczynski,696.28125,18,0,0,1,4,5,3,190.5,190.5,170,709.4940186,40,1,0,1,7,11,6,175.26,177.8,170,32,30,0,0,0,2
Patrick Cote,Kyle Noke,312.96875,10,0,3,0,3,4,2,185.42,193.04,170,675.3778076,33,2,0,4,4,6,8,180.34,190.5,170,34,34,0,1,1,2
Sam Stout,KJ Noons,900,6,0,0,1,1,1,1,177.8,177.8,155,891.5191345,47,0,1,0,2,9,8,175.26,177.8,155,31,29,0,0,0,0
John Howard,Ryan LaFlare,900,9,0,3,0,3,3,0,185.42,187.96,170,882.8203125,25,0,4,0,4,6,3,170.18,182.88,170,30,31,0,1,1,0
Thiago Perpetuo,Kenny Robertson,647.875,9,0,0,2,1,1,3,177.8,187.96,170,426,4,0,1,0,1,1,1,177.8,,170,30,26,0,0,0,0
Carlos Condit,Tyron Woodley,373,5,0,1,0,1,2,1,175.26,187.96,170,1006.992188,28,2,0,1,5,6,3,187.96,190.5,170,31,29,0,0,0,0
Kelvin Gastelum,Rick Story,763.1724854,36,0,0,1,6,9,5,175.26,180.34,170,523,4,1,2,0,2,2,0,175.26,180.34,185,29,22,1,1,0,2
Johny Hendricks,Robbie Lawler,602.0253906,20,0,3,0,3,7,3,180.34,187.96,170,1057.691895,29,1,4,0,6,10,2,175.26,175.26,185,31,30,1,1,0,2
Jake Shields,Hector Lombard,418.75,8,0,0,1,1,2,2,175.26,180.34,185,1182.90625,23,1,1,0,2,4,3,182.88,182.88,170,36,35,0,1,1,0
Sean Spencer,Alex Garcia,43,1,0,1,0,1,1,0,175.26,182.88,170,858.25,9,0,0,1,2,2,1,177.8,187.96,170,26,26,0,0,0,0
Gunnar Nelson,Omari Akhmedov,211,1,0,1,0,1,1,0,182.88,185.42,185,557,4,0,2,0,2,2,0,180.34,182.88,170,26,25,2,0,-2,2
Dong Hyun Kim,John Hathaway,895.125,22,0,4,0,4,7,1,185.42,190.5,170,625.7719727,31,0,2,0,3,9,3,187.96,193.04,170,26,32,1,0,-1,2
Robert Whittaker,Stephen Thompson,562.625,9,0,1,0,2,3,1,182.88,190.5,170,835.25,9,1,2,0,2,2,1,182.88,185.42,185,31,23,0,0,0,0
Rory MacDonald,Demian Maia,1053.148972,42,1,5,0,5,12,5,185.42,182.88,170,845.4375,19,0,1,0,5,6,2,182.88,193.04,170,36,24,0,1,1,2
Mike Pyle,TJ Waldburger,319.734375,12,0,1,0,2,4,3,180.34,190.5,170,291.6313477,23,0,0,1,4,8,4,182.88,187.96,170,25,38,0,0,0,2
Viscardi Andrade,Nicholas Musoke,187,1,0,1,0,1,1,0,182.88,190.5,170,96,1,0,1,0,1,1,0,180.34,190.5,170,27,29,0,0,0,0
William Macario,Bobby Voelker,612,5,0,0,2,0,0,2,182.88,187.96,170,583,2,1,0,1,0,0,1,180.34,190.5,170,34,22,0,0,0,2
John Howard,Siyar Bahadurzada,471,4,0,1,0,1,1,1,180.34,185.42,170,865.640625,22,0,4,0,4,5,3,170.18,182.88,170,29,30,0,0,0,2
Court McGee,Ryan LaFlare,900,6,0,2,0,2,2,0,185.42,187.96,170,890.65625,20,1,3,0,3,5,2,180.34,190.5,170,30,29,0,1,1,0
Josh Koscheck,Tyron Woodley,468,4,0,1,0,1,1,1,175.26,187.96,170,541.8919382,48,1,2,0,5,15,7,177.8,185.42,170,31,35,0,0,0,0
Georges St-Pierre,Johny Hendricks,615.3837891,24,0,4,0,6,10,1,175.26,175.26,185,1494.139114,63,13,2,0,11,18,2,180.34,193.04,185,30,32,0,1,1,2
Brian Ebersole,Rick Story,626.3449707,33,0,0,1,6,8,5,175.26,180.34,170,860.5,13,0,4,0,4,4,1,182.88,185.42,170,29,32,1,1,0,0
Rory MacDonald,Robbie Lawler,304.0507813,17,0,3,0,3,6,3,180.34,187.96,170,790.875,16,0,1,0,5,6,1,182.88,193.04,170,31,24,0,1,1,0
Paulo Thiago,Brandon Thatch,83,1,0,1,0,1,1,0,187.96,187.96,170,787.6035156,25,0,1,0,2,5,5,180.34,187.96,170,28,32,0,2,2,0
Neil Magny,Seth Baczynski,492.5625,15,0,0,1,4,4,3,190.5,190.5,170,546.5,4,0,1,0,1,1,1,190.5,203.2,170,32,26,0,0,0,0
Nate Marquardt,Hector Lombard,729.5,7,0,0,1,1,1,2,175.26,180.34,185,478.107666,33,1,4,0,4,10,5,182.88,187.96,185,35,34,0,1,1,0
TJ Waldburger,Adlan Amagov,900,3,0,1,0,1,1,0,187.96,193.04,170,459.46875,11,0,1,0,2,4,2,180.34,190.5,170,26,25,0,0,0,0
Rousimar Palhares,Mike Pierce,613.6816406,33,0,1,0,4,9,3,172.72,180.34,170,258.5976563,19,0,1,0,3,7,4,172.72,180.34,170,33,33,0,0,0,2
Erick Silva,Dong Hyun Kim,770.5439453,29,0,2,0,3,8,3,187.96,193.04,170,298.9375,7,0,1,0,1,3,2,182.88,187.96,170,31,29,0,1,1,0
Demian Maia,Jake Shields,865.8125,18,1,1,0,1,3,3,182.88,182.88,170,606.2979431,37,1,5,0,5,12,4,185.42,182.88,170,34,35,1,0,-1,0
Chris Clements,Stephen Thompson,738.25,7,0,1,0,1,2,1,182.88,190.5,170,811,6,0,1,0,1,1,1,177.8,177.8,170,30,37,0,0,0,0
Yuri Villefort,Sean Spencer,733,3,0,0,1,0,0,1,177.8,187.96,170,900,3,0,0,1,0,0,1,182.88,185.42,170,26,22,0,0,0,0
Pascal Krauss,Hyun Gyu Lim,540,2,0,1,0,1,1,0,190.5,195.58,170,900,9,0,1,0,1,2,1,185.42,,170,28,26,0,0,0,0
Court McGee,Robert Whittaker,770.5,6,1,2,0,2,2,0,182.88,185.42,185,881.3125,17,1,3,0,3,4,2,180.34,190.5,170,22,28,0,0,0,2
Kelvin Gastelum,Brian Melancon,299,1,0,1,0,1,1,0,172.72,,170,900,3,1,1,0,1,1,0,175.26,180.34,185,31,21,1,0,-1,2
Carlos Condit,Martin Kampmann,337.4185486,32,0,4,0,4,11,5,182.88,182.88,170,1059.984375,24,2,0,1,5,5,3,187.96,190.5,170,31,29,0,0,0,2
James Head,Jason High,485.5,4,0,0,2,0,0,2,172.72,185.42,155,418.25,8,0,0,1,2,2,2,185.42,185.42,170,31,29,0,1,1,0
Matt Brown,Mike Pyle,554.2626953,22,0,0,1,4,8,3,182.88,187.96,170,446.7420654,33,0,1,0,5,10,5,182.88,190.5,170,37,32,0,0,0,2
Sergio Moraes,Neil Magny,900,3,0,1,0,1,1,0,190.5,203.2,170,845,6,1,0,1,1,1,1,182.88,182.88,170,26,31,0,0,0,2
Robbie Lawler,Bobby Voelker,900,3,0,0,1,0,0,1,182.88,187.96,170,284.1015625,15,0,3,0,3,5,3,180.34,187.96,170,34,31,1,0,-1,2
Rory MacDonald,Jake Ellenberger,437.75,22,0,0,1,6,8,2,175.26,180.34,170,681.75,13,0,1,0,4,5,1,182.88,193.04,170,28,24,0,0,0,2
Mike Pierce,David Mitchell,900,9,0,0,2,1,1,2,182.88,190.5,170,752.3632813,31,0,1,0,3,8,3,172.72,180.34,170,33,32,0,0,0,2
Sean Pierson,Kenny Robertson,395.75,6,0,0,2,1,1,2,177.8,187.96,170,853.875,13,0,1,0,2,3,2,182.88,193.04,170,29,37,1,0,-1,2
Jake Shields,Tyron Woodley,36,1,0,1,0,1,1,0,175.26,187.96,170,831.625,15,1,1,0,1,2,3,182.88,182.88,170,31,34,0,0,0,2
Erick Silva,Jason High,900,3,0,0,1,0,0,1,172.72,185.42,155,526.875,6,0,1,0,1,2,2,182.88,187.96,170,31,28,0,1,1,2
Colton Smith,Robert Whittaker,900,3,1,1,0,1,1,0,182.88,185.42,185,900,3,1,1,0,1,1,0,182.88,180.34,155,22,25,0,0,0,0
Mike Pyle,Rick Story,352.6899414,30,0,0,1,6,8,4,175.26,180.34,170,208.5253906,19,0,0,1,3,7,3,182.88,187.96,170,28,37,0,1,1,2
Stephen Thompson,Nah-Shon Burrell,900,3,0,1,0,1,1,0,180.34,,170,576.5,4,0,1,0,1,1,1,182.88,190.5,170,23,30,0,0,0,2
Matt Brown,Jordan Mein,282,1,0,1,0,1,1,0,182.88,185.42,170,533.4841309,31,0,1,0,4,9,5,182.88,190.5,170,23,32,0,0,0,2
Papy Abedi,Besam Yousef,456,2,0,0,1,0,0,1,180.34,,170,242.5,2,0,0,2,0,0,2,180.34,,185,28,34,1,0,-1,2
Jake Ellenberger,Nate Marquardt,776.215332,32,1,4,0,4,10,4,182.88,187.96,185,695.5,21,0,0,1,6,7,2,175.26,180.34,170,33,27,0,0,0,2
Carlos Condit,Johny Hendricks,330.7675781,21,0,4,0,5,9,1,175.26,175.26,185,1219.96875,21,2,0,1,5,5,2,187.96,190.5,170,29,28,0,1,1,0
Georges St-Pierre,Nick Diaz,1126.26709,32,1,2,0,3,7,5,185.42,193.04,185,1488.278229,58,12,2,0,10,17,2,180.34,193.04,185,29,31,0,1,1,2
Dong Hyun Kim,Siyar Bahadurzada,42,1,0,1,0,1,1,0,180.34,185.42,170,641.0878906,26,0,2,0,3,7,3,187.96,193.04,170,28,31,1,0,-1,2
Court McGee,Josh Neer,209.880249,30,0,0,1,2,6,8,180.34,182.88,170,862.625,14,1,3,0,3,3,2,180.34,190.5,170,29,28,0,0,0,2
Josh Koscheck,Robbie Lawler,331.203125,14,0,3,0,3,4,3,180.34,187.96,170,846.7838764,47,1,2,0,5,15,6,177.8,185.42,170,30,35,0,1,1,0
Kenny Robertson,Brock Jardine,900,3,0,0,1,0,0,1,180.34,,170,614.5,5,0,0,2,0,0,2,177.8,187.96,170,27,29,0,0,0,2
Gunnar Nelson,Jorge Santiago,717.125,11,0,1,0,1,1,4,185.42,190.5,170,214,1,0,1,0,1,1,0,180.34,182.88,170,32,24,2,0,-2,2
Che Mills,Matthew Riddle,848.4257813,32,0,3,0,3,7,4,185.42,193.04,170,194,4,0,1,0,1,2,1,185.42,193.04,170,27,30,0,1,1,1
Jon Fitch,Demian Maia,312.5958862,34,1,5,0,5,11,4,185.42,182.88,170,678.9766083,47,1,8,0,8,14,3,182.88,187.96,170,35,34,0,1,1,0
Mike Stumpf,Pascal Krauss,900,6,0,1,0,1,1,1,185.42,,170,232,1,0,0,1,0,0,1,177.8,,170,25,26,3,0,-3,0
Simeon Thoresen,David Mitchell,900,6,0,0,2,0,0,2,182.88,190.5,170,353,3,0,1,0,1,1,1,185.42,200.66,170,33,28,0,0,0,0
TJ Waldburger,Nick Catone,777.375,16,0,1,0,2,3,3,182.88,182.88,185,554.9375,9,0,1,0,2,3,2,180.34,190.5,170,31,24,0,1,1,2
Mike Pyle,James Head,721.5,7,0,0,1,2,2,1,185.42,185.42,170,302.0507813,18,0,0,1,3,6,3,182.88,187.96,170,28,37,0,0,0,2
Mike Pierce,Seth Baczynski,472.25,11,0,0,1,4,4,1,190.5,190.5,170,604.7265625,28,0,1,0,3,7,3,172.72,180.34,170,31,32,0,0,0,2
BJ Penn,Rory MacDonald,463.5,10,0,1,0,3,4,1,182.88,193.04,170,855.9271326,62,11,3,0,3,12,9,175.26,177.8,155,23,33,0,0,0,0
Mike Swick,Matt Brown,615.9682617,29,0,1,0,3,8,5,182.88,190.5,170,466.5449219,26,0,5,0,5,10,3,185.42,195.58,170,31,33,0,0,0,0
Johny Hendricks,Martin Kampmann,628.8370972,31,0,4,0,4,11,4,182.88,182.88,170,615.5351563,20,0,4,0,4,8,1,175.26,175.26,185,30,29,1,0,-1,2
Georges St-Pierre,Carlos Condit,939.9375,16,1,0,1,5,5,1,187.96,190.5,170,1476.556458,53,11,2,0,9,16,2,180.34,193.04,185,28,31,0,0,0,2
Matthew Riddle,John Maguire,820,8,0,2,0,2,2,1,175.26,175.26,155,796.8515625,29,0,3,0,3,6,4,185.42,193.04,170,29,26,1,1,0,2
Dong Hyun Kim,Paulo Thiago,450.4140625,19,0,1,0,2,4,4,180.34,187.96,170,382.1757813,23,0,2,0,3,6,3,187.96,193.04,170,31,30,1,0,-1,2
Demian Maia,Rick Story,890.7597656,28,0,0,1,6,7,3,175.26,180.34,170,475.1917725,33,1,5,0,5,10,4,185.42,182.88,170,28,34,1,1,0,2
Jon Fitch,Erick Silva,153.75,3,0,1,0,1,2,1,182.88,187.96,170,457.9532166,44,1,8,0,8,13,3,182.88,187.96,170,28,34,0,0,0,2
Josh Neer,Justin Edwards,900,9,0,0,1,1,1,2,177.8,177.8,155,374.760498,29,0,0,1,2,6,7,180.34,182.88,170,29,29,0,0,0,0
Aaron Simpson,Mike Pierce,880.453125,26,0,1,0,3,6,3,172.72,180.34,170,894.6191406,26,0,3,0,3,7,3,182.88,185.42,170,32,38,0,0,0,0
Jake Ellenberger,Jay Hieron,383.5,4,0,0,2,0,0,2,182.88,190.5,170,491,18,0,0,1,6,6,2,175.26,180.34,170,36,27,0,0,0,2
Che Mills,Duane Ludwig,341.0625,14,0,2,0,2,4,4,177.8,177.8,170,240,3,0,1,0,1,1,1,185.42,193.04,170,34,30,0,0,0,2
Dan Hardy,Amir Sadollah,844.6679688,22,1,1,0,2,6,3,177.8,190.5,170,530.4414063,23,1,4,0,4,5,4,182.88,187.96,170,32,30,0,0,0,2
John Hathaway,John Maguire,740,5,0,2,0,2,2,0,175.26,175.26,155,890.25,19,0,4,0,4,6,1,185.42,190.5,170,29,25,0,1,1,2
Sean Pierson,Lance Benoist,900,6,0,1,0,1,1,1,180.34,182.88,170,807.75,10,0,1,0,1,2,2,182.88,193.04,170,24,36,1,1,0,2
Seth Baczynski,Simeon Thoresen,456,2,0,1,0,1,1,0,185.42,200.66,170,694.5,10,0,0,1,3,3,1,190.5,190.5,170,28,30,0,0,0,2
Kyle Noke,Charlie Brenneman,486.375,16,0,1,0,2,4,3,177.8,177.8,155,580.9375,9,0,3,0,3,3,2,185.42,193.04,170,31,32,1,0,-1,2
Mike Swick,DaMarques Johnson,422.8515625,13,1,0,1,2,4,4,185.42,190.5,170,553.0898438,24,0,5,0,5,9,3,185.42,195.58,170,30,33,0,0,0,2
Brian Ebersole,James Head,543,4,0,0,1,1,1,1,185.42,185.42,170,821,10,0,4,0,4,4,0,182.88,185.42,170,28,31,1,0,-1,0
Chris Clements,Matthew Riddle,871.703125,26,0,3,0,3,6,3,185.42,193.04,170,900,3,0,1,0,1,1,0,177.8,177.8,170,26,36,0,1,1,1
Aaron Simpson,Kenny Robertson,329,2,0,0,1,0,0,1,177.8,187.96,170,889.2382813,23,0,3,0,3,6,3,182.88,185.42,170,28,37,0,0,0,2
Dong Hyun Kim,Demian Maia,903.3835449,32,1,5,0,5,9,4,185.42,182.88,170,717.3515625,22,0,2,0,3,6,2,187.96,193.04,170,34,30,1,1,0,0
Brian Ebersole,TJ Waldburger,209.875,6,0,1,0,2,3,1,180.34,190.5,170,742,7,0,3,0,3,3,0,182.88,185.42,170,24,31,1,0,-1,2
Matt Brown,Luis Ramos,40,1,0,0,1,0,0,1,172.72,,170,671.9365234,27,0,1,0,3,7,5,182.88,190.5,170,31,31,0,0,0,2
Dan Miller,Ricardo Funch,368,6,0,0,3,0,0,3,177.8,187.96,170,864.7050781,25,0,3,0,3,5,5,185.42,187.96,185,31,30,0,1,1,2
Erick Silva,Charlie Brenneman,699.75,15,0,1,0,2,4,2,177.8,177.8,155,34.5,2,0,1,0,1,1,1,182.88,187.96,170,31,27,0,0,0,2
Mike Pyle,Josh Neer,453.5209961,28,0,0,1,2,6,6,180.34,182.88,170,308.1015625,17,0,0,1,3,5,3,182.88,187.96,170,29,36,0,0,0,2
Seth Baczynski,Lance Benoist,900,3,0,1,0,1,1,0,180.34,182.88,170,489,7,0,0,1,2,2,1,190.5,190.5,170,23,30,0,1,1,2
Mike Pierce,Carlos Eduardo Rocha,520.5,4,0,1,0,1,1,1,177.8,185.42,170,860.90625,23,0,1,0,3,5,3,172.72,180.34,170,30,31,0,0,0,2
Jake Hecht,Sean Pierson,715.5,7,0,1,0,1,1,2,182.88,193.04,170,212.5,3,0,1,0,1,1,1,182.88,185.42,170,36,28,0,1,1,0
Jake Ellenberger,Martin Kampmann,857.6741943,29,0,4,0,4,10,4,182.88,182.88,170,582,16,0,0,1,6,6,1,175.26,180.34,170,30,27,0,0,0,0
Dan Hardy,Duane Ludwig,451.125,13,0,2,0,2,4,3,177.8,177.8,170,829.8828125,22,1,4,0,4,4,4,182.88,187.96,170,33,30,0,0,0,2
Amir Sadollah,Jorge Lopez,900,3,0,0,1,0,0,1,177.8,,170,789.3359375,19,1,1,0,2,5,3,177.8,190.5,170,23,31,0,0,0,2
John Hathaway,Pascal Krauss,900,3,0,1,0,1,1,0,185.42,,170,880.5,16,0,4,0,4,5,1,185.42,190.5,170,25,24,0,0,0,2
Josh Koscheck,Johny Hendricks,331.0703125,17,0,4,0,4,7,1,175.26,175.26,185,793.5677528,44,1,2,0,5,15,5,177.8,185.42,170,28,34,0,1,1,0
Matt Brown,Stephen Thompson,253,1,0,1,0,1,1,0,182.88,190.5,170,443.8730469,24,0,1,0,3,6,5,182.88,190.5,170,29,31,0,0,0,2
Rory MacDonald,Che Mills,40,1,0,1,0,1,1,0,185.42,193.04,170,487,8,0,1,0,2,3,1,182.88,193.04,170,29,22,0,0,0,2
DaMarques Johnson,John Maguire,900,3,0,1,0,1,1,0,175.26,175.26,155,265.703125,11,1,0,1,2,4,3,185.42,190.5,170,28,29,0,1,1,0
Papy Abedi,James Head,813,3,0,0,1,0,0,1,185.42,185.42,170,212,1,0,0,1,0,0,1,180.34,,185,28,33,1,0,-1,0
Thiago Alves,Martin Kampmann,863.3483887,26,0,4,0,4,9,4,182.88,182.88,170,566.9880371,37,1,0,1,7,11,5,175.26,177.8,170,29,28,0,0,0,0
TJ Waldburger,Jake Hecht,370,2,0,1,0,1,1,0,182.88,185.42,170,364.75,5,0,1,0,1,2,1,180.34,190.5,170,28,23,0,0,0,2
Yoshihiro Akiyama,Jake Shields,626.5,9,1,1,0,1,1,2,182.88,182.88,170,503.5,10,0,1,0,1,1,3,177.8,190.5,170,33,36,0,0,0,0
Diego Sanchez,Jake Ellenberger,264,13,0,0,1,5,5,1,175.26,180.34,170,925.3130188,43,2,6,0,6,12,4,177.8,182.88,170,26,30,1,0,-1,0
Josh Koscheck,Mike Pierce,821.8125,20,0,1,0,3,5,2,172.72,180.34,170,687.1355057,41,1,2,0,5,14,5,177.8,185.42,170,31,34,0,0,0,2
Matt Brown,Chris Cope,470,4,0,1,0,1,1,1,182.88,182.88,170,508.7460938,22,0,1,0,3,5,5,182.88,190.5,170,28,31,0,0,0,2
Nick Diaz,Carlos Condit,379.875,11,0,0,1,4,4,1,187.96,190.5,170,752.5341797,27,0,2,0,3,7,4,185.42,193.04,185,27,28,1,0,-1,0
Charlie Brenneman,Daniel Roberts,739.59375,12,0,0,1,3,3,3,177.8,187.96,170,499.5,12,0,1,0,2,3,2,177.8,177.8,155,31,30,0,1,1,2
Duane Ludwig,Josh Neer,723.0419922,27,0,0,1,2,5,6,180.34,182.88,170,718.25,12,0,2,0,2,4,2,177.8,177.8,170,28,33,0,0,0,0
Ricardo Funch,Mike Pyle,534.203125,16,0,0,1,3,4,3,182.88,187.96,170,654,5,0,0,2,0,0,2,177.8,187.96,170,36,31,1,0,-1,0
Jon Fitch,Johny Hendricks,650.140625,16,0,4,0,4,6,1,175.26,175.26,185,903.9064331,43,1,8,0,8,13,2,182.88,187.96,170,28,33,0,1,1,0
Dong Hyun Kim,Sean Pierson,531,4,0,1,0,1,1,1,182.88,193.04,170,534.703125,19,0,2,0,3,5,2,187.96,193.04,170,35,30,1,1,0,2
Claude Patrick,Brian Ebersole,584,4,0,2,0,2,2,0,182.88,185.42,170,777,8,0,3,0,3,3,0,180.34,190.5,170,31,31,0,1,1,0
Rick Story,Martin Kampmann,826.6967773,23,0,4,0,4,8,4,182.88,182.88,170,863.0390625,22,0,0,1,6,6,2,175.26,180.34,170,29,27,1,0,-1,0
Matt Brown,Seth Baczynski,636,5,0,0,1,1,1,1,190.5,190.5,170,675.4921875,20,0,1,0,3,5,4,182.88,190.5,170,30,30,0,0,0,0
DaMarques Johnson,Clay Harvison,636,5,0,1,0,1,1,1,185.42,187.96,170,437.40625,10,1,0,1,2,3,3,185.42,190.5,170,31,29,0,0,0,2
Mike Pierce,Paul Bradley,900,3,0,0,1,0,0,1,175.26,,170,743.625,17,0,1,0,3,4,2,172.72,180.34,170,28,31,0,0,0,2
BJ Penn,Nick Diaz,605.0683594,24,0,2,0,2,6,4,185.42,193.04,185,811.8542652,59,11,3,0,3,12,8,175.26,177.8,155,28,32,0,1,1,0
Anthony Johnson,Charlie Brenneman,830,11,0,1,0,2,3,1,177.8,177.8,155,654.015625,17,0,1,0,3,6,3,187.96,198.12,205,30,27,0,0,0,2
Josh Neer,Keith Wisniewski,900,3,0,0,1,0,0,1,182.88,,170,846.0839844,25,0,0,1,2,4,6,180.34,182.88,170,29,28,0,0,0,2
Matt Hughes,Josh Koscheck,1075.271011,40,1,2,0,5,13,5,177.8,185.42,170,256.8092921,50,12,2,0,6,18,6,175.26,185.42,170,33,37,2,0,-2,0
Jake Shields,Jake Ellenberger,475,12,0,0,1,4,4,1,175.26,180.34,170,1200,8,1,1,0,1,1,1,182.88,182.88,170,26,32,0,0,0,0
Clay Harvison,Seth Baczynski,900,3,0,0,1,0,0,1,190.5,190.5,170,900,3,0,1,0,1,1,0,185.42,187.96,170,29,30,0,0,0,0
Paulo Thiago,David Mitchell,900,3,0,0,1,0,0,1,182.88,190.5,170,817.65625,15,0,1,0,2,3,3,180.34,187.96,170,31,30,0,0,0,2
Amir Sadollah,Duane Ludwig,536.5,9,0,2,0,2,3,2,177.8,177.8,170,678.671875,16,1,1,0,2,5,2,177.8,190.5,170,33,30,0,0,0,0
Dan Hardy,Chris Lytle,787.9105148,45,1,0,2,4,9,10,180.34,172.72,170,803.765625,19,1,4,0,4,4,3,182.88,187.96,170,36,29,0,0,0,0
Dennis Hallman,Brian Ebersole,900,3,0,1,0,1,1,0,182.88,185.42,170,478.34375,17,1,1,0,2,3,4,175.26,182.88,155,30,35,0,1,1,0
Rory MacDonald,Mike Pyle,834.40625,15,0,0,1,3,4,2,182.88,187.96,170,740,7,0,1,0,1,2,1,182.88,193.04,170,35,22,0,0,0,2
Johny Hendricks,Mike Pierce,587.25,14,0,1,0,3,4,1,172.72,180.34,170,400.28125,13,0,4,0,4,5,1,175.26,175.26,185,30,27,1,0,-1,2
Carlos Condit,Dong Hyun Kim,891.40625,18,0,2,0,3,5,1,187.96,193.04,170,581.75,10,0,0,1,3,3,1,187.96,190.5,170,29,27,0,1,1,2
Daniel Roberts,Rich Attonito,816.25,8,0,2,0,2,2,1,177.8,182.88,170,579.1875,9,0,0,1,3,3,2,177.8,187.96,170,34,30,1,0,-1,0
Matt Brown,John Howard,762.5625,16,0,4,0,4,4,2,170.18,182.88,170,450.984375,17,0,1,0,3,4,4,182.88,190.5,170,28,30,0,0,0,2
Charlie Brenneman,Rick Story,826.078125,19,0,0,1,6,6,1,175.26,180.34,170,760,8,0,1,0,1,2,1,177.8,177.8,155,26,30,0,1,1,2
Thiago Alves,Rick Story,752.15625,16,0,0,1,5,5,1,175.26,180.34,170,943.9521484,33,1,0,1,7,10,4,175.26,177.8,170,26,27,0,1,1,0
Jake Ellenberger,Sean Pierson,900,3,0,1,0,1,1,0,182.88,193.04,170,788,11,0,0,1,3,3,1,175.26,180.34,170,35,26,0,1,1,2
Georges St-Pierre,Jake Shields,900,3,0,1,0,1,1,0,182.88,182.88,170,1453.112915,48,10,2,0,8,15,2,180.34,193.04,185,32,29,0,0,0,2
Daniel Roberts,Claude Patrick,654,5,0,2,0,2,2,0,180.34,190.5,170,258.375,6,0,0,1,3,3,1,177.8,187.96,170,30,30,1,0,-1,0
Nate Diaz,Rory MacDonald,580,4,0,1,0,1,1,1,182.88,193.04,170,777.2070313,27,1,5,0,5,8,4,182.88,193.04,170,21,26,1,0,-1,0
DaMarques Johnson,Amir Sadollah,850.34375,14,1,1,0,2,4,2,177.8,190.5,170,367.8125,8,1,0,1,2,3,2,185.42,190.5,170,30,28,0,0,0,0
Anthony Johnson,Dan Hardy,707.53125,16,1,4,0,4,4,2,182.88,187.96,170,408.03125,14,0,1,0,3,5,3,187.96,198.12,205,28,27,0,0,0,2
John Hathaway,Kris McCray,331,3,1,0,2,0,0,2,182.88,193.04,170,861,13,0,4,0,4,4,1,185.42,190.5,170,29,23,0,0,0,2
Johny Hendricks,TJ Waldburger,900,3,0,1,0,1,1,0,180.34,190.5,170,705.5625,12,0,4,0,4,4,1,175.26,175.26,185,22,27,1,0,-1,2
Ricardo Almeida,Mike Pyle,768.8125,12,0,0,1,2,3,2,182.88,187.96,170,665.2753906,22,0,0,1,3,6,4,182.88,187.96,170,35,34,0,0,0,0
Diego Sanchez,Martin Kampmann,753.3935547,20,0,4,0,4,8,3,182.88,182.88,170,950.6260376,40,2,6,0,6,11,4,177.8,182.88,170,28,29,1,0,-1,2
BJ Penn,Jon Fitch,907.8128662,40,1,8,0,8,13,1,182.88,187.96,170,723.7085304,56,11,3,0,3,12,7,175.26,177.8,155,33,32,0,0,0,1
Jake Ellenberger,Carlos Eduardo Rocha,141,1,0,1,0,1,1,0,177.8,185.42,170,676,8,0,0,1,2,2,1,175.26,180.34,170,29,25,0,0,0,2
DaMarques Johnson,Mike Guymon,328.25,5,0,0,1,1,1,2,182.88,187.96,170,533.625,7,1,0,1,2,2,2,185.42,190.5,170,36,28,0,0,0,2
Charlie Brenneman,Amilcar Alves,791,3,0,0,1,0,0,1,182.88,,170,620,5,0,1,0,1,1,1,177.8,177.8,155,22,29,0,1,1,2
Nate Diaz,Dong Hyun Kim,882.8125,15,0,2,0,2,4,1,187.96,193.04,170,654.4140625,24,1,5,0,5,8,3,182.88,193.04,170,29,25,1,1,0,0
Daniel Roberts,Greg Soto,795,6,0,0,1,1,1,1,180.34,185.42,170,291.75,5,0,0,1,2,2,1,177.8,187.96,170,24,30,1,0,-1,2
Thiago Alves,John Howard,625.125,13,0,4,0,4,4,1,170.18,182.88,170,987.9042969,30,1,0,1,7,9,4,175.26,177.8,170,27,27,0,0,0,2
Georges St-Pierre,Josh Koscheck,650.5420227,35,0,2,0,5,13,4,177.8,185.42,170,1406.22583,43,9,2,0,7,14,2,180.34,193.04,185,33,29,0,0,0,2
TJ Grant,Ricardo Almeida,430.5507813,19,0,0,1,3,5,4,182.88,187.96,170,824.625,13,0,1,0,1,3,2,177.8,182.88,155,34,26,0,0,0,0
Johny Hendricks,Rick Story,604.3125,13,0,0,1,4,4,1,175.26,180.34,170,511.125,9,0,4,0,4,4,0,175.26,175.26,185,26,27,1,1,0,0
Karo Parisyan,Dennis Hallman,849.6875,16,1,1,0,1,2,4,175.26,182.88,155,750.8613281,31,0,1,0,4,8,4,177.8,182.88,170,34,28,0,0,0,0
Matt Brown,Brian Foster,168,6,0,0,1,1,2,2,175.26,180.34,170,470.96875,15,0,1,0,3,4,3,182.88,190.5,170,26,29,0,0,0,0
Matt Hughes,BJ Penn,1426.417061,55,11,3,0,3,11,7,175.26,177.8,155,492.6185842,49,12,2,0,6,18,5,175.26,185.42,170,31,37,2,0,-2,0
Amir Sadollah,Peter Sobotta,900,6,0,0,2,0,0,2,182.88,190.5,170,800.6875,11,1,1,0,2,3,2,177.8,190.5,170,23,30,0,1,1,2
Duane Ludwig,Nick Osipczak,806.625,10,0,2,0,2,2,2,187.96,193.04,170,173,6,0,2,0,2,2,2,177.8,177.8,170,25,32,0,0,0,2
Mike Guymon,Daniel Roberts,510.5,4,0,0,1,1,1,1,177.8,187.96,170,583.5,4,0,0,1,1,1,1,182.88,187.96,170,30,36,0,1,1,0
Diego Sanchez,Paulo Thiago,735.3125,12,0,1,0,2,3,2,180.34,187.96,170,1001.252075,37,2,6,0,6,10,4,177.8,182.88,170,29,28,1,0,-1,2
John Hathaway,Mike Pyle,637.625,9,0,0,1,1,2,2,182.88,187.96,170,822,10,0,4,0,4,4,0,185.42,190.5,170,35,23,0,0,0,0
Dan Hardy,Carlos Condit,896.5,9,0,0,1,2,2,1,187.96,190.5,170,1148.0625,15,1,4,0,4,4,1,182.88,187.96,170,26,28,0,0,0,0
James Wilks,Claude Patrick,408,2,0,1,0,1,1,0,180.34,190.5,170,710.25,7,1,1,0,1,2,1,185.42,190.5,170,30,32,0,0,0,0
Matt Serra,Chris Lytle,451.6420593,39,1,0,2,3,8,9,180.34,172.72,170,438.3327637,32,3,0,1,2,7,6,167.64,172.72,170,36,36,0,0,0,0
TJ Grant,Julio Paulino,900,3,0,0,1,0,0,1,182.88,,170,749.25,10,0,1,0,1,2,2,177.8,182.88,155,34,26,0,0,0,2
Brian Foster,Forrest Petz,881.1875,16,0,1,0,1,2,4,175.26,180.34,170,269,5,0,0,1,1,1,2,175.26,180.34,170,34,26,0,0,0,2
Nate Diaz,Marcus Davis,441.670166,25,0,0,1,6,9,4,177.8,177.8,170,466.828125,21,1,5,0,5,7,3,182.88,193.04,170,37,25,1,1,0,2
Nick Osipczak,Greg Soto,690,3,0,0,1,0,0,1,180.34,185.42,170,713.25,7,0,2,0,2,2,1,187.96,193.04,170,24,25,0,0,0,0
Jon Fitch,Thiago Alves,1075.808594,27,1,0,1,7,9,3,175.26,177.8,170,915.6257324,37,1,8,0,8,12,1,182.88,187.96,170,26,32,0,0,0,2
Matt Hughes,Ricardo Almeida,666.1015625,18,0,0,1,3,5,3,182.88,187.96,170,790.2371683,48,12,2,0,6,17,5,175.26,185.42,170,33,36,2,0,-2,2
Johny Hendricks,Charlie Brenneman,900,3,0,1,0,1,1,0,177.8,177.8,155,682.25,7,0,3,0,3,3,0,175.26,175.26,185,29,26,1,0,-1,2
Dustin Hazelett,Rick Story,833.625,11,0,0,1,3,3,1,175.26,180.34,170,242.8671875,12,0,0,1,3,5,3,185.42,193.04,170,25,24,0,1,1,0
Ben Saunders,Dennis Hallman,799.375,13,1,1,0,1,1,4,175.26,182.88,155,615.8125,12,0,3,0,3,4,2,187.96,195.58,170,34,27,0,0,0,0
DaMarques Johnson,Matthew Riddle,778.25,15,0,3,0,3,4,1,185.42,193.04,170,498.25,5,1,0,1,2,2,1,185.42,190.5,170,24,28,0,1,1,0
John Howard,Jake Ellenberger,611,5,0,0,1,1,1,1,175.26,180.34,170,509.25,10,0,4,0,4,4,0,170.18,182.88,170,25,27,0,0,0,0
Chris Lytle,Matt Brown,519.9375,13,0,1,0,3,4,2,182.88,190.5,170,481.2841187,37,1,0,2,2,7,9,180.34,172.72,170,29,35,0,0,0,2
Forrest Petz,Daniel Roberts,121,1,0,0,1,0,0,1,177.8,187.96,170,862.375,13,0,1,0,1,2,3,175.26,180.34,170,29,34,0,1,1,0
Paulo Thiago,Martin Kampmann,313.5742188,14,0,4,0,4,7,2,182.88,182.88,170,570.625,9,0,1,0,2,3,1,180.34,187.96,170,28,29,0,0,0,0
Carlos Condit,Rory MacDonald,267,1,0,1,0,1,1,0,182.88,193.04,170,900,6,0,0,1,1,1,1,187.96,190.5,170,20,26,0,0,0,2
James Wilks,Peter Sobotta,900,3,0,0,1,0,0,1,182.88,190.5,170,520.5,4,1,1,0,1,1,1,185.42,190.5,170,23,32,0,1,1,2
Mike Pyle,Jesse Lennox,858.5,6,0,1,0,1,1,1,175.26,182.88,170,391.25,6,0,0,1,1,1,2,182.88,187.96,170,28,34,0,0,0,2
Diego Sanchez,John Hathaway,744,7,0,3,0,3,3,0,185.42,190.5,170,1102.50415,34,2,6,0,6,10,3,177.8,182.88,170,22,28,1,0,-1,0
Amir Sadollah,Dong Hyun Kim,865.625,12,0,2,0,2,3,1,187.96,193.04,170,701.375,8,1,1,0,2,3,1,177.8,190.5,170,28,29,0,1,1,0
Marcus Davis,Jonathan Goulet,190.2421875,13,0,1,0,2,4,4,182.88,185.42,170,500.340332,23,0,0,1,6,8,4,177.8,177.8,170,30,36,1,0,-1,2
Josh Koscheck,Paul Daley,147.5,2,0,2,0,2,2,0,175.26,193.04,170,401.0840454,32,0,2,0,5,12,4,177.8,185.42,170,27,32,0,0,0,2
TJ Grant,Johny Hendricks,464.5,4,0,2,0,2,2,0,175.26,175.26,185,598.5,7,0,1,0,1,2,1,177.8,182.88,155,26,26,0,1,1,0
Yoshiyuki Yoshida,Mike Guymon,267,1,0,0,1,0,0,1,182.88,187.96,170,80.375,4,0,1,0,1,2,2,180.34,177.8,170,35,35,1,0,-1,0
Nick Osipczak,Rick Story,767.25,8,0,0,1,2,2,1,175.26,180.34,170,526.5,4,0,2,0,2,2,0,187.96,193.04,170,25,25,0,1,1,0
DaMarques Johnson,Brad Blackburn,843.625,11,0,3,0,3,3,1,177.8,185.42,170,268.5,2,1,0,1,1,1,1,185.42,190.5,170,32,27,0,0,0,2
Ricardo Almeida,Matt Brown,529.875,11,0,1,0,3,4,1,182.88,190.5,170,822.203125,16,0,0,1,2,4,3,182.88,187.96,170,29,33,0,0,0,2
Nate Diaz,Rory Markham,83,2,0,1,0,1,1,1,182.88,180.34,170,766.65625,20,1,5,0,5,6,3,182.88,193.04,170,28,24,1,0,-1,2
Georges St-Pierre,Dan Hardy,796.125,10,0,4,0,4,4,0,182.88,187.96,170,1312.45166,38,8,2,0,6,13,2,180.34,193.04,185,27,28,0,0,0,2
Ben Saunders,Jon Fitch,931.2514648,34,1,8,0,8,11,1,182.88,187.96,170,331.625,9,0,3,0,3,4,1,187.96,195.58,170,32,26,0,0,0,0
Chris Lytle,Brian Foster,437,4,0,0,1,1,1,1,175.26,180.34,170,861.5682373,36,1,0,2,2,6,9,180.34,172.72,170,25,35,0,0,0,2
Matt Serra,Frank Trigg,177.59375,7,2,0,1,2,2,4,175.26,180.34,170,733.6655273,31,3,0,1,2,6,6,167.64,172.72,170,37,35,0,1,1,2
Paulo Thiago,Mike Swick,692.1796875,22,0,5,0,5,9,2,185.42,195.58,170,727.25,7,0,1,0,1,2,1,180.34,187.96,170,30,29,0,0,0,2
Rick Story,Jesse Lennox,817,3,0,1,0,1,1,0,175.26,182.88,170,634.5,5,0,0,1,1,1,1,175.26,180.34,170,27,25,1,0,-1,2
Amir Sadollah,Brad Blackburn,787.25,8,0,3,0,3,3,0,177.8,185.42,170,502.75,5,1,1,0,1,2,1,177.8,190.5,170,32,29,0,0,0,2
Martin Kampmann,Jacob Volkmann,900,3,0,0,1,0,0,1,175.26,180.34,155,384.1484375,13,0,4,0,4,6,2,182.88,182.88,170,29,27,0,1,1,2
Paul Daley,Dustin Hazelett,341.734375,11,0,0,1,3,5,2,185.42,193.04,170,151,1,0,1,0,1,1,0,175.26,193.04,170,23,26,0,0,0,2
Jake Ellenberger,Mike Pyle,460.5,4,0,0,1,1,1,1,182.88,187.96,170,900,3,0,0,1,0,0,1,175.26,180.34,170,34,24,0,0,0,2
Jon Fitch,Mike Pierce,900,3,0,1,0,1,1,0,172.72,180.34,170,962.5029297,31,1,8,0,8,10,1,182.88,187.96,170,29,31,0,0,0,2
DaMarques Johnson,Edgar Garcia,900,3,0,0,1,0,0,1,177.8,180.34,170,294,1,1,0,1,0,0,1,185.42,190.5,170,25,27,0,0,0,2
TJ Grant,Kevin Burns,775.125,11,0,2,0,2,2,2,177.8,187.96,170,900,6,0,1,0,1,1,1,177.8,182.88,155,29,25,0,0,0,2
John Howard,Dennis Hallman,703.75,10,1,1,0,1,1,3,175.26,182.88,155,900,6,0,2,0,2,2,0,170.18,182.88,170,34,26,0,0,0,2
Ben Saunders,Marcus Davis,796.6806641,22,0,0,1,6,8,3,177.8,177.8,170,459.25,8,0,3,0,3,3,1,187.96,195.58,170,36,26,0,1,1,2
Josh Koscheck,Anthony Johnson,229.0625,12,0,1,0,3,5,2,187.96,198.12,205,215.1680908,30,0,2,0,5,11,4,177.8,185.42,170,25,31,0,0,0,2
Brian Foster,Brock Larson,624.125,11,0,0,1,3,3,2,180.34,180.34,170,369,2,0,0,1,0,0,1,175.26,180.34,170,32,25,0,1,1,2
Amir Sadollah,Phil Baroni,761.078125,17,0,1,0,2,3,5,175.26,182.88,170,105.5,2,1,1,0,1,1,1,177.8,190.5,170,33,29,0,0,0,2
Nick Osipczak,Matthew Riddle,900,9,0,3,0,3,3,0,185.42,193.04,170,220,1,0,1,0,1,1,0,187.96,193.04,170,23,24,0,1,1,2
John Hathaway,Paul Taylor,871.59375,16,0,1,0,1,3,3,182.88,182.88,155,588,4,0,2,0,2,2,0,185.42,190.5,170,29,22,0,0,0,2
Matt Brown,James Wilks,294,1,1,1,0,1,1,0,185.42,190.5,170,312.75,8,0,1,0,2,3,1,182.88,190.5,170,31,28,0,0,0,2
Dan Hardy,Mike Swick,484.359375,19,0,5,0,5,9,1,185.42,195.58,170,692.25,7,0,3,0,3,3,0,182.88,187.96,170,30,27,0,0,0,2
Anthony Johnson,Yoshiyuki Yoshida,119.75,3,0,1,0,1,2,1,180.34,177.8,170,417.125,11,0,1,0,2,4,2,187.96,198.12,205,35,25,0,1,1,2
Josh Koscheck,Frank Trigg,270.1875,6,2,0,1,2,2,3,175.26,180.34,170,345.3361816,29,0,2,0,5,10,4,177.8,185.42,170,37,31,0,1,1,2
Mike Pyle,Chris Wilson,900,9,0,0,1,1,1,2,185.42,190.5,170,186,1,0,0,1,0,0,1,182.88,187.96,170,32,33,0,0,0,2
John Howard,Tamdan McCrory,337.4375,9,0,1,0,1,3,2,193.04,193.04,185,900,3,0,1,0,1,1,0,170.18,182.88,170,22,26,0,2,2,2
Matthew Riddle,Dan Cramer,900,3,0,1,0,1,1,0,187.96,,170,900,6,0,2,0,2,2,0,185.42,193.04,170,23,23,1,0,-1,2
Jon Fitch,Paulo Thiago,209,1,0,1,0,1,1,0,180.34,187.96,170,1025.005859,28,1,8,0,8,9,1,182.88,187.96,170,28,31,0,0,0,2
Georges St-Pierre,Thiago Alves,651.6171875,22,0,0,1,7,9,2,175.26,177.8,170,1124.90332,33,7,2,0,5,12,2,180.34,193.04,185,25,28,0,0,0,2
Dong Hyun Kim,TJ Grant,900,3,0,1,0,1,1,0,177.8,182.88,155,831.25,9,0,2,0,2,2,1,187.96,193.04,170,25,27,1,0,-1,2
Chris Lytle,Kevin Burns,650.25,8,0,2,0,2,2,1,177.8,187.96,170,823.1364746,33,1,0,2,2,5,9,180.34,172.72,170,29,34,0,0,0,2
Dan Hardy,Marcus Davis,693.3613281,19,0,0,1,6,8,2,177.8,177.8,170,484.5,4,0,2,0,2,2,0,182.88,187.96,170,35,27,0,1,1,2
Mike Swick,Ben Saunders,391.5,6,0,3,0,3,3,0,187.96,195.58,170,441.71875,17,0,5,0,5,8,1,185.42,195.58,170,26,29,0,0,0,2
Matt Hughes,Matt Serra,567.3310547,28,3,0,1,2,6,5,167.64,172.72,170,500.9486732,42,12,2,0,6,15,5,175.26,185.42,170,34,35,2,0,-2,2
Yoshiyuki Yoshida,Brandon Wolff,109,1,0,0,1,0,0,1,175.26,,170,95.5,2,0,1,0,1,1,1,180.34,177.8,170,33,35,1,0,-1,2
Matt Brown,Pete Sell,783.21875,15,0,1,0,1,2,4,180.34,190.5,170,533.5,7,0,1,0,1,2,1,182.88,190.5,170,26,28,0,0,0,2
Dan Hardy,Rory Markham,97,1,0,1,0,1,1,0,182.88,180.34,170,900,3,0,1,0,1,1,0,182.88,187.96,170,26,26,0,0,0,2
Paul Kelly,Troy Mandaloniz,260,1,0,1,0,1,1,0,175.26,,170,668,5,0,1,0,1,1,1,175.26,177.8,155,29,24,0,0,0,2
Anthony Johnson,Luigi Fioravanti,859.1171875,19,0,0,1,2,4,4,172.72,177.8,170,555.25,10,0,1,0,1,3,2,187.96,198.12,205,28,24,0,0,0,2
Matthew Riddle,Steve Bruno,712,5,0,0,1,1,1,1,177.8,,170,900,3,0,1,0,1,1,0,185.42,193.04,170,27,23,1,0,-1,2
Georges St-Pierre,BJ Penn,749.3459473,32,6,3,0,3,9,4,175.26,177.8,155,1049.806641,29,6,2,0,5,11,2,180.34,193.04,185,30,27,0,0,0,2
Jon Fitch,Akihiro Gono,699.5,5,0,1,0,1,1,1,170.18,172.72,170,1150.011719,25,1,8,0,8,8,1,182.88,187.96,170,34,30,0,2,2,2
Karo Parisyan,Dong Hyun Kim,762.5,6,0,2,0,2,2,0,187.96,193.04,170,601.7226563,28,0,1,0,4,8,3,177.8,182.88,170,27,26,0,1,1,1
Marcus Davis,Chris Lytle,746.2729492,30,1,0,2,2,5,8,180.34,172.72,170,486.7226563,16,0,0,1,6,7,2,177.8,177.8,170,34,35,1,0,-1,2
Brad Blackburn,Ryo Chonan,900,6,0,0,1,1,1,1,175.26,177.8,170,449,2,0,1,0,1,1,0,177.8,185.42,170,32,31,0,0,0,2
Anthony Johnson,Kevin Burns,672.5,5,0,2,0,2,2,0,177.8,187.96,170,482.5,7,0,1,0,1,2,2,187.96,198.12,205,28,24,0,0,0,2
Steve Bruno,Johnny Rees,261,1,0,0,1,0,0,1,182.88,,170,900,3,0,0,1,0,0,1,177.8,,170,26,27,0,0,0,2
Josh Koscheck,Yoshiyuki Yoshida,56,1,0,1,0,1,1,0,180.34,177.8,170,828.3447266,27,0,2,0,5,9,3,177.8,185.42,170,34,31,0,1,1,2
Luigi Fioravanti,Brodie Farber,97,1,0,0,1,0,0,1,185.42,,170,818.234375,16,0,0,1,2,3,4,172.72,177.8,170,28,27,0,0,0,2
Mike Swick,Jonathan Goulet,347.484375,12,0,1,0,2,4,3,182.88,185.42,170,850.4375,16,0,5,0,5,7,1,185.42,195.58,170,29,29,0,0,0,2
Dustin Hazelett,Tamdan McCrory,680.75,7,0,1,0,1,2,1,193.04,193.04,185,444.46875,10,0,0,1,3,4,2,185.42,193.04,170,22,22,0,2,2,2
Matt Brown,Ryan Thomas,448,2,0,0,1,0,0,1,182.88,,170,710,5,0,1,0,1,1,1,182.88,190.5,170,24,27,0,0,0,2
Thiago Alves,Josh Koscheck,756.6894531,24,0,2,0,5,9,2,177.8,185.42,170,403.234375,19,0,0,1,6,8,2,175.26,177.8,170,30,25,0,0,0,2
Pete Sell,Joshua Burkman,733.9453125,21,0,2,0,2,5,4,177.8,182.88,170,666.4375,12,0,1,0,1,1,4,180.34,190.5,170,28,26,0,0,0,2
Chris Lytle,Paul Taylor,786.375,10,0,1,0,1,2,2,182.88,182.88,155,592.5458984,27,1,0,2,2,4,8,180.34,172.72,170,28,34,0,0,0,2
Marcus Davis,Paul Kelly,900,3,0,1,0,1,1,0,175.26,177.8,155,537.4453125,14,0,0,1,6,6,2,177.8,177.8,170,24,35,1,0,-1,2
Dong Hyun Kim,Matt Brown,520,2,0,1,0,1,1,0,182.88,190.5,170,625,3,0,1,0,1,1,0,187.96,193.04,170,27,26,1,0,-1,2
Ryo Chonan,Roan Carneiro,551.625,9,0,1,0,1,2,2,180.34,193.04,170,900,3,0,0,1,0,0,1,175.26,177.8,170,30,31,0,0,0,2
Tamdan McCrory,Luke Cummo,646.875,15,1,0,1,2,3,3,182.88,187.96,170,461.5,4,0,1,0,1,1,1,193.04,193.04,185,28,21,2,0,-2,2
Georges St-Pierre,Jon Fitch,800.0234375,20,0,8,0,8,8,0,182.88,187.96,170,599.6132813,24,5,2,0,5,10,2,180.34,193.04,185,30,27,0,0,0,2
Kevin Burns,Anthony Johnson,150,4,0,1,0,1,2,1,187.96,198.12,205,530,2,0,1,0,1,1,0,177.8,187.96,170,24,28,0,0,0,2
Josh Koscheck,Chris Lytle,285.0917969,24,1,0,2,2,4,7,180.34,172.72,170,613.3789063,21,0,2,0,5,8,2,177.8,185.42,170,33,30,0,0,0,2
Dustin Hazelett,Joshua Burkman,881.890625,19,0,2,0,2,5,3,177.8,182.88,170,302.9375,8,0,0,1,3,3,2,185.42,193.04,170,28,22,0,0,0,2
Diego Sanchez,Luigi Fioravanti,789.46875,13,0,0,1,2,3,3,172.72,177.8,170,537.0664063,20,1,6,0,6,7,2,177.8,182.88,170,27,26,1,0,-1,2
Mike Swick,Marcus Davis,174.890625,11,0,0,1,6,6,1,177.8,177.8,170,800.875,13,0,5,0,5,6,1,185.42,195.58,170,34,28,0,1,1,2
Thiago Alves,Matt Hughes,639.8973465,40,12,2,0,6,15,4,175.26,185.42,170,444.46875,17,0,0,1,5,7,2,175.26,177.8,170,34,24,0,2,2,2
Paul Taylor,Jess Liaudin,114.75,3,0,2,0,2,2,1,175.26,182.88,170,672.75,7,0,1,0,1,1,2,182.88,182.88,155,,28,0,0,0,2
Georges St-Pierre,Matt Serra,549.6621094,26,2,0,1,2,6,4,167.64,172.72,170,614.2265625,22,4,2,0,5,9,2,180.34,193.04,185,33,26,0,0,0,2
Jonathan Goulet,Kuniyoshi Hironaka,722,8,0,0,1,1,1,2,177.8,177.8,168,267.96875,10,0,1,0,1,3,3,182.88,185.42,170,31,28,0,0,0,2
Thiago Alves,Karo Parisyan,879.4453125,26,0,1,0,4,8,2,177.8,182.88,170,564.9375,15,0,0,1,4,6,2,175.26,177.8,170,25,24,0,0,0,2
Anthony Johnson,Tommy Speer,121,1,1,0,1,0,0,1,177.8,180.34,170,249,3,0,1,0,1,1,1,187.96,198.12,205,23,24,0,0,0,2
George Sotiropoulos,Roman Mitichyan,23,1,0,1,0,1,1,0,177.8,,170,96,1,0,1,0,1,1,0,177.8,180.34,155,29,30,0,0,0,2
Josh Koscheck,Dustin Hazelett,221.875,6,0,0,1,3,3,1,185.42,193.04,170,842.7578125,19,0,2,0,5,7,2,177.8,185.42,170,21,30,0,0,0,2
Luigi Fioravanti,Luke Cummo,393.75,12,1,0,1,2,3,2,182.88,187.96,170,678.9375,10,0,0,1,2,2,3,172.72,177.8,170,27,27,0,0,0,2
Mike Swick,Joshua Burkman,863.78125,16,0,2,0,2,5,2,177.8,182.88,170,701.75,10,0,5,0,5,5,1,185.42,195.58,170,27,28,0,0,0,2
Marcus Davis,Jess Liaudin,165.5,2,0,2,0,2,2,0,175.26,182.88,170,285.78125,10,0,0,1,5,5,1,177.8,177.8,170,,34,1,0,-1,2
Georges St-Pierre,Matt Hughes,685.794693,38,11,2,0,6,15,3,175.26,185.42,170,634.453125,20,3,2,0,5,8,2,180.34,193.04,185,34,26,0,2,2,2
Roan Carneiro,Tony DeSouza,344.4375,9,0,2,0,2,3,2,182.88,177.8,170,633.5,5,0,1,0,1,1,1,180.34,193.04,170,33,29,0,1,1,2
Thiago Alves,Chris Lytle,474.3671875,21,1,0,2,2,3,6,180.34,172.72,170,529.875,13,0,0,1,3,5,2,175.26,177.8,170,33,24,0,0,0,2
Joshua Burkman,Forrest Petz,824.75,10,0,1,0,1,2,2,175.26,180.34,170,827.5625,13,0,2,0,2,4,2,177.8,182.88,170,32,27,0,0,0,2
Rich Clementi,Anthony Johnson,13,1,0,1,0,1,1,0,187.96,198.12,205,765.5,10,0,0,2,1,1,3,175.26,182.88,155,23,31,1,0,-1,2
Jon Fitch,Diego Sanchez,682.265625,16,1,6,0,6,6,1,177.8,182.88,170,500.09375,14,0,6,0,6,6,0,182.88,187.96,170,25,29,0,1,1,2
Thiago Alves,Kuniyoshi Hironaka,900,6,0,0,1,1,1,1,177.8,177.8,168,515.75,11,0,0,1,2,4,2,175.26,177.8,170,31,23,0,0,0,2
Luke Cummo,Edilberto de Oliveira,637,3,0,0,1,0,0,1,182.88,,170,682.5,11,1,0,1,1,2,2,182.88,187.96,170,24,27,0,0,0,2
Dustin Hazelett,Jonathan Goulet,433.875,8,0,1,0,1,2,2,182.88,185.42,170,369.75,5,0,0,1,2,2,1,185.42,193.04,170,28,21,0,0,0,2
Marcus Davis,Paul Taylor,637,3,0,1,0,1,1,0,182.88,182.88,155,317.5625,9,0,0,1,4,4,1,177.8,177.8,170,27,34,1,0,-1,2
Jess Liaudin,Anthony Torres,157,1,0,1,0,1,1,0,172.72,,170,81,1,0,1,0,1,1,0,175.26,182.88,170,29,,0,0,0,2
Georges St-Pierre,Josh Koscheck,785.515625,16,0,2,0,5,7,1,177.8,185.42,170,368.90625,17,3,2,0,5,7,2,180.34,193.04,185,29,26,0,0,0,2
Chris Lytle,Jason Gilliam,94,1,0,0,1,0,0,1,182.88,,170,813.734375,20,1,0,2,2,2,6,180.34,172.72,170,,32,0,0,0,2
Jon Fitch,Roan Carneiro,900,3,0,1,0,1,1,0,180.34,193.04,170,633.1875,12,0,5,0,5,5,0,182.88,187.96,170,29,29,0,0,0,2
Forrest Petz,Luigi Fioravanti,457.875,7,0,0,1,2,2,2,172.72,177.8,170,749.5,7,0,1,0,1,1,2,175.26,180.34,170,26,31,0,0,0,2
Karo Parisyan,Joshua Burkman,755.125,10,0,2,0,2,4,1,177.8,182.88,170,817.78125,20,0,1,0,4,6,2,177.8,182.88,170,27,24,0,0,0,2
Matt Serra,Georges St-Pierre,532.8125,16,2,2,0,5,7,1,180.34,193.04,185,894.3242188,25,1,0,1,2,5,4,167.64,172.72,170,25,32,0,0,0,2
Josh Koscheck,Diego Sanchez,464.53125,13,1,6,0,6,6,0,177.8,182.88,170,671.03125,13,0,2,0,4,6,1,177.8,185.42,170,25,29,0,1,1,2
Marcus Davis,Pete Spratt,285.375,7,0,1,0,1,3,2,175.26,,170,643.25,6,0,0,1,2,2,1,177.8,177.8,170,36,33,1,0,-1,2
Luke Cummo,Josh Haynes,727,5,1,0,2,0,0,2,175.26,,170,900,9,1,0,1,1,1,2,182.88,187.96,170,29,26,0,0,0,2
Kuniyoshi Hironaka,Forrest Petz,599,4,0,1,0,1,1,1,175.26,180.34,170,900,3,0,0,1,0,0,1,177.8,177.8,168,31,30,0,0,0,2
Drew Fickett,Keita Nakamura,900,3,0,0,1,0,0,1,180.34,185.42,170,694.34375,12,0,0,1,2,3,3,177.8,177.8,155,22,27,0,1,1,2
Matt Hughes,Chris Lytle,727.46875,17,1,0,2,2,2,5,180.34,172.72,170,471.589386,35,11,2,0,6,14,3,175.26,185.42,170,32,33,2,0,-2,2
Jon Fitch,Luigi Fioravanti,430.75,5,0,0,1,2,2,1,172.72,177.8,170,781.375,10,0,4,0,4,4,0,182.88,187.96,170,26,29,0,0,0,2
Rich Clementi,Ross Pointon,44,1,0,0,1,0,0,1,172.72,,170,669,5,0,0,2,0,0,2,175.26,182.88,155,26,30,1,0,-1,2
Thiago Alves,Tony DeSouza,318.875,7,0,2,0,2,3,1,182.88,177.8,170,661.5,9,0,0,1,2,3,2,175.26,177.8,170,32,23,0,1,1,2
Luigi Fioravanti,Dave Menne,647.5,14,2,2,0,2,2,3,177.8,,170,577.5,4,0,0,1,1,1,1,172.72,177.8,170,32,25,0,0,0,2
Diego Sanchez,Joe Riggs,244.515625,11,0,1,0,1,4,3,182.88,177.8,185,824.0625,12,1,5,0,5,5,0,177.8,182.88,170,24,24,1,1,0,2
Marcus Davis,Shonie Carter,380.375,10,0,3,0,3,3,2,177.8,,170,386.5,3,0,0,1,1,1,1,177.8,177.8,170,34,33,1,1,0,2
Karo Parisyan,Drew Fickett,488.6875,9,0,0,1,2,3,2,177.8,177.8,155,735.5625,17,0,1,0,4,5,2,177.8,182.88,170,26,24,0,0,0,2
Georges St-Pierre,Matt Hughes,558.178772,33,10,2,0,6,14,2,175.26,185.42,170,680.625,14,1,2,0,4,6,1,180.34,193.04,185,33,25,0,2,2,2
Pete Spratt,Jeremy Jackson,724,3,0,0,1,0,0,1,177.8,,170,199.75,5,0,1,0,1,2,2,175.26,,170,24,35,0,0,0,2
Matt Serra,Chris Lytle,554.9375,14,0,0,2,2,2,4,180.34,172.72,170,888.6484375,22,0,0,1,2,4,4,167.64,172.72,170,32,32,0,0,0,2
Thiago Alves,John Alessio,651.5,5,1,0,2,0,0,2,177.8,182.88,155,423,6,0,0,1,2,2,2,175.26,177.8,170,27,23,0,0,0,2
Marcus Davis,Forrest Petz,900,3,0,1,0,1,1,0,175.26,180.34,170,475,2,0,0,1,0,0,1,177.8,177.8,170,31,33,1,0,-1,2
Matt Hughes,BJ Penn,804.5351563,22,3,3,0,3,6,3,175.26,177.8,155,283.3575439,30,9,2,0,6,13,2,175.26,185.42,170,27,32,2,0,-2,2
Nick Diaz,Josh Neer,719.375,8,0,0,1,2,2,2,180.34,182.88,170,824.2734375,19,0,2,0,2,4,4,185.42,193.04,185,23,23,1,0,-1,2
Joe Riggs,Jason Von Flue,788.5,6,0,1,0,1,1,1,182.88,,170,368.03125,10,0,1,0,1,3,3,182.88,177.8,185,31,23,1,0,-1,2
Diego Sanchez,Karo Parisyan,571.125,14,0,1,0,4,5,1,177.8,182.88,170,748.125,9,1,4,0,4,4,0,177.8,182.88,170,23,24,1,0,-1,2
Josh Koscheck,Jonathan Goulet,617.75,7,0,1,0,1,2,1,182.88,185.42,170,634.125,9,0,2,0,2,4,1,177.8,185.42,170,27,28,0,0,0,2
Joshua Burkman,Josh Neer,538.75,5,0,0,1,2,2,1,180.34,182.88,170,320.5,4,0,2,0,2,2,1,177.8,182.88,170,23,26,0,0,0,2
Jonathan Goulet,Luke Cummo,900,6,1,0,1,1,1,1,182.88,187.96,170,335.5,4,0,1,0,1,1,1,182.88,185.42,170,26,26,0,0,0,2
Jon Fitch,Thiago Alves,269,4,0,0,1,2,2,1,175.26,177.8,170,748.5,5,0,2,0,2,2,0,182.88,187.96,170,22,28,0,0,0,2
Josh Koscheck,Dave Menne,395,11,2,2,0,2,2,2,177.8,,170,368.25,6,0,2,0,2,3,1,177.8,185.42,170,31,28,0,0,0,2
Diego Sanchez,John Alessio,403,2,1,0,1,0,0,1,177.8,182.88,155,596.25,6,1,3,0,3,3,0,177.8,182.88,170,26,24,1,0,-1,2
Sean Sherk,Nick Diaz,748.546875,16,0,2,0,2,4,3,185.42,193.04,185,736.4375,13,1,3,0,3,3,2,167.64,170.18,155,22,32,0,1,1,2
Karo Parisyan,Nick Thompson,900,3,0,1,0,1,1,0,185.42,187.96,170,858.25,13,0,1,0,3,4,1,177.8,182.88,170,24,23,0,0,0,2
Luke Cummo,Jason Von Flue,677,3,0,1,0,1,1,0,182.88,,170,900,3,1,0,1,0,0,1,182.88,187.96,170,30,25,0,0,0,2
Josh Koscheck,Ansar Chalangov,145,1,0,0,1,0,0,1,175.26,,170,527.5,5,0,2,0,2,2,1,177.8,185.42,170,26,28,0,0,0,2
Jon Fitch,Joshua Burkman,44,2,0,2,0,2,2,0,177.8,182.88,170,900,3,0,1,0,1,1,0,182.88,187.96,170,25,28,0,0,0,2
Josh Neer,Joe Stevenson,900,3,1,1,0,1,1,0,170.18,177.8,145,177.5,2,0,0,1,1,1,1,180.34,182.88,170,23,23,0,0,0,2
Georges St-Pierre,BJ Penn,709.0703125,19,3,3,0,3,6,2,175.26,177.8,155,461.25,11,1,2,0,3,5,1,180.34,193.04,185,27,24,0,0,0,2
Joe Riggs,Nick Diaz,597.09375,13,0,2,0,2,4,2,185.42,193.04,185,294.125,6,0,1,0,1,2,2,182.88,177.8,185,22,23,1,1,0,2
Josh Neer,Melvin Guillard,475,2,0,1,0,1,1,0,175.26,180.34,155,95,1,0,0,1,0,0,1,180.34,182.88,170,22,22,0,0,0,2
Duane Ludwig,Jonathan Goulet,665,3,0,1,0,1,1,0,182.88,185.42,170,900,3,0,1,0,1,1,0,177.8,177.8,170,26,27,0,0,0,2
Spencer Fisher,Aaron Riley,900,3,0,0,1,0,0,1,172.72,175.26,155,583,2,0,1,0,1,1,0,170.18,172.72,155,25,29,1,1,0,2
Joshua Burkman,Drew Fickett,527.75,5,0,0,1,2,2,1,177.8,177.8,155,21,1,0,1,0,1,1,0,177.8,182.88,170,26,25,0,0,0,2
Georges St-Pierre,Sean Sherk,999.875,11,1,3,0,3,3,1,167.64,170.18,155,449.5,9,1,2,0,2,4,1,180.34,193.04,185,32,24,0,0,0,2
Matt Hughes,Joe Riggs,380.25,5,0,1,0,1,2,1,182.88,177.8,185,367.4301758,28,9,2,0,6,11,2,175.26,185.42,170,23,32,2,1,-1,2
Diego Sanchez,Nick Diaz,294.1875,10,0,2,0,2,4,1,185.42,193.04,185,292.5,3,1,2,0,2,2,0,177.8,182.88,170,22,23,1,1,0,2
Joe Riggs,Chris Lytle,689.875,12,0,0,2,2,2,3,180.34,172.72,170,340.5,3,0,1,0,1,1,1,182.88,177.8,185,31,23,1,0,-1,2
Drew Fickett,Josh Koscheck,187,2,0,2,0,2,2,0,177.8,185.42,170,187.5,2,0,0,1,1,1,1,177.8,177.8,155,27,25,0,0,0,2
Georges St-Pierre,Frank Trigg,291.375,5,2,0,1,2,2,2,175.26,180.34,170,650,8,1,2,0,2,3,1,180.34,193.04,185,33,24,0,1,1,2
Kenny Florian,Alex Karalexis,100,1,0,1,0,1,1,0,172.72,167.64,155,169,1,1,0,1,0,0,1,177.8,187.96,145,27,29,1,0,-1,2
Josh Koscheck,Pete Spratt,286.5,4,0,1,0,1,2,1,175.26,,170,261,1,0,1,0,1,1,0,177.8,185.42,170,34,27,0,0,0,2
Nick Diaz,Koji Oishi,900,3,0,0,1,0,0,1,172.72,,170,504.375,9,0,2,0,2,3,1,185.42,193.04,185,28,21,1,0,-1,2
Karo Parisyan,Matt Serra,877.296875,19,0,0,1,2,4,3,167.64,172.72,170,816.5,10,0,1,0,2,3,1,177.8,182.88,170,31,22,0,0,0,2
Matt Hughes,Frank Trigg,337.75,4,1,0,1,2,2,1,175.26,180.34,170,489.8603516,27,8,2,0,6,10,2,175.26,185.42,170,32,31,2,1,-1,2
Karo Parisyan,Chris Lytle,479.75,9,0,0,2,2,2,2,180.34,172.72,170,733,7,0,1,0,1,2,1,177.8,182.88,170,30,22,0,0,0,2
Frank Trigg,Renato Verissimo,900,6,0,1,0,1,1,1,185.42,,170,244.5,2,1,0,1,1,1,1,175.26,180.34,170,31,32,1,0,-1,2
Matt Hughes,Georges St-Pierre,501,4,0,2,0,2,2,0,180.34,193.04,185,680.7207031,26,7,2,0,6,9,2,175.26,185.42,170,23,31,2,0,-2,2
Karo Parisyan,Nick Diaz,557.5,5,0,2,0,2,2,0,185.42,193.04,185,566,4,0,1,0,1,1,1,177.8,182.88,170,21,21,0,1,1,2
Matt Hughes,Renato Verissimo,900,3,0,1,0,1,1,0,185.42,,170,461.4414063,23,7,2,0,6,8,2,175.26,185.42,170,30,30,2,0,-2,2
Frank Trigg,Dennis Hallman,760,6,1,1,0,1,1,1,175.26,182.88,155,234,1,1,0,1,0,0,1,175.26,180.34,170,28,32,1,0,-1,2
Chris Lytle,Tiki Ghosn,288.5,5,0,0,3,0,0,3,177.8,,170,750,5,0,0,2,0,0,2,180.34,172.72,170,27,29,0,0,0,2
Nick Diaz,Robbie Lawler,649.8125,11,0,3,0,3,4,1,180.34,187.96,170,724,3,0,1,0,1,1,0,185.42,193.04,185,22,20,1,1,0,2
BJ Penn,Matt Hughes,643.8828125,22,6,2,0,6,8,1,175.26,185.42,170,1139.140625,18,2,3,0,3,5,2,175.26,177.8,155,30,25,0,2,2,2
Robbie Lawler,Chris Lytle,600,2,0,0,1,0,0,1,180.34,172.72,170,399.625,8,0,3,0,3,3,1,180.34,187.96,170,29,21,1,0,-1,2
Pete Spratt,Robbie Lawler,351.25,6,0,3,0,3,3,0,180.34,187.96,170,125,2,0,1,0,1,1,1,175.26,,170,21,32,0,1,1,2
Matt Hughes,Sean Sherk,499.75,6,0,3,0,3,3,0,167.64,170.18,155,607.53125,16,4,2,0,4,6,1,175.26,185.42,170,29,29,2,0,-2,2
Robbie Lawler,Tiki Ghosn,488,4,0,0,2,0,0,2,177.8,,170,613.5,5,0,2,0,2,2,0,180.34,187.96,170,25,20,1,0,-1,2
Carlos Newton,Pete Spratt,145,1,0,1,0,1,1,0,175.26,,170,811,12,4,1,0,1,2,3,175.26,,170,31,26,0,0,0,2
Matt Hughes,Gil Castillo,1200,8,1,0,1,1,1,1,175.26,,170,915.0625,15,3,2,0,3,5,1,175.26,185.42,170,37,29,2,1,-1,2
Sean Sherk,Benji Radach,463.5,4,0,0,1,1,1,1,177.8,,185,743.5,5,0,2,0,2,2,0,167.64,170.18,155,23,29,0,0,0,2
Matt Hughes,Carlos Newton,505,8,3,1,0,1,2,2,175.26,,170,713.125,11,2,2,0,2,4,1,175.26,185.42,170,25,28,2,0,-2,2
Robbie Lawler,Steve Berger,463.5,4,0,0,2,0,0,2,180.34,,170,900,3,0,1,0,1,1,0,180.34,187.96,170,29,20,1,0,-1,2
Sean Sherk,Jutaro Nakao,315,2,0,1,0,1,1,0,175.26,,170,587,2,0,1,0,1,1,0,167.64,170.18,155,31,28,0,1,1,2
Gil Castillo,Chris Brennan,542,1,1,0,1,0,0,1,172.72,,170,1500,5,1,0,1,0,0,1,175.26,,170,30,36,1,0,-1,2
Matt Hughes,Carlos Newton,623,6,2,1,0,1,2,1,175.26,,170,303.5,5,0,2,0,2,2,1,175.26,185.42,170,25,28,2,0,-2,2
Pat Miletich,Shonie Carter,745.5,7,0,3,0,3,3,0,177.8,,170,634.828125,18,7,7,0,7,7,1,177.8,,170,29,33,0,1,1,2
Carlos Newton,Pat Miletich,499.65625,15,6,7,0,7,7,0,177.8,,170,476,3,1,1,0,1,1,1,175.26,,170,33,24,0,0,0,2
Pat Miletich,Kenichi Yamamoto,727.5,5,1,2,0,2,2,0,182.88,,170,581.3125,13,5,6,0,6,6,0,177.8,,170,24,32,0,0,0,2
Fabiano Iha,Daiju Takase,590.5,4,0,0,2,0,0,2,182.88,,170,280.25,5,0,0,2,1,1,2,172.72,,155,22,30,0,1,1,2
Fabiano Iha,Laverne Clark,573.25,5,0,3,0,3,3,0,180.34,,170,490.5,4,0,0,2,0,0,2,172.72,,155,26,30,0,0,0,2
Pat Miletich,Mikey Burnett,585,1,0,1,0,1,1,0,167.64,,170,721,3,1,2,0,2,2,0,177.8,,170,24,30,0,0,0,2
